time, speed, x_loc, y_loc, dist, x_vel, y_vel, x_accel, y_accel, z_accel, pitch, yaw, roll, gyro_x, gyro_y, gyro_z
0.0,50,-0.00031955994472809834,0.0031877338187769055,0.0032037112007246562,-0.001717572013149038,-0.028587545966729522,0.17569047212600708,0.06863979250192642,1.0482145547866821,-5.088796615600586,-0.0031118106562644243,4.569703102111816,0.44837549328804016,0.26790016889572144,0.0
0.10086798667907715,50,-0.00031955994472809834,0.0031877338187769055,0.0032037112007246562,-0.001717572013149038,-0.028587545966729522,0.17569047212600708,0.06863979250192642,1.0482145547866821,-5.088796615600586,-0.0031118106562644243,4.569703102111816,0.44837549328804016,0.26790016889572144,0.0
0.20122003555297852,50,-0.02743624208960682,2.102953754365444,2.103132720581304,-0.3773444099351764,11.872806400060654,0.05124969035387039,-0.1617865264415741,0.9767247438430786,13.194076538085938,1.0779932737350464,4.319932460784912,-14.434587478637695,-3.601778745651245,34.81576156616211
0.0,50,-3.314332559511968e-05,0.0011599274330365006,0.0011604008488199885,-0.00044008897930325475,0.03604372905101627,0.0020056217908859253,0.05752798169851303,0.9985098838806152,-1.7931671142578125,0.0056359898298978806,-1.7091679573059082,-0.5658596754074097,0.20486459136009216,0.6472887396812439
0.011632919311523438,50,-3.314332559511968e-05,0.0011599274330365006,0.0011604008488199885,-0.00044008897930325475,0.03604372905101627,0.0020056217908859253,0.05752798169851303,0.9985098838806152,-1.7931671142578125,0.0056359898298978806,-1.7091679573059082,-0.5658596754074097,0.20486459136009216,0.6472887396812439
0.021909713745117188,50,-3.314332559511968e-05,0.0011599274330365006,0.0011604008488199885,-0.00044008897930325475,0.03604372905101627,0.0020056217908859253,0.05752798169851303,0.9985098838806152,-1.7931671142578125,0.0056359898298978806,-1.7091679573059082,-0.5658596754074097,0.20486459136009216,0.6472887396812439
0.03219747543334961,50,-3.314332559511968e-05,0.0011599274330365006,0.0011604008488199885,-0.00044008897930325475,0.03604372905101627,0.0020056217908859253,0.05752798169851303,0.9985098838806152,-1.7931671142578125,0.0056359898298978806,-1.7091679573059082,-0.5658596754074097,0.20486459136009216,0.6472887396812439
0.042532920837402344,50,-3.314332559511968e-05,0.0011599274330365006,0.0011604008488199885,-0.00044008897930325475,0.03604372905101627,0.0020056217908859253,0.05752798169851303,0.9985098838806152,-1.7931671142578125,0.0056359898298978806,-1.7091679573059082,-0.5658596754074097,0.20486459136009216,0.6472887396812439
0.052893638610839844,50,-3.314332559511968e-05,0.0011599274330365006,0.0011604008488199885,-0.00044008897930325475,0.03604372905101627,0.0020056217908859253,0.05752798169851303,0.9985098838806152,-1.7931671142578125,0.0056359898298978806,-1.7091679573059082,-0.5658596754074097,0.20486459136009216,0.6472887396812439
0.06332230567932129,50,-3.314332559511968e-05,0.0011599274330365006,0.0011604008488199885,-0.00044008897930325475,0.03604372905101627,0.0020056217908859253,0.05752798169851303,0.9985098838806152,-1.7931671142578125,0.0056359898298978806,-1.7091679573059082,-0.5658596754074097,0.20486459136009216,0.6472887396812439
0.07356452941894531,50,-3.314332559511968e-05,0.0011599274330365006,0.0011604008488199885,-0.00044008897930325475,0.03604372905101627,0.0020056217908859253,0.05752798169851303,0.9985098838806152,-1.7931671142578125,0.0056359898298978806,-1.7091679573059082,-0.5658596754074097,0.20486459136009216,0.6472887396812439
0.08432602882385254,50,-3.314332559511968e-05,0.0011599274330365006,0.0011604008488199885,-0.00044008897930325475,0.03604372905101627,0.0020056217908859253,0.05752798169851303,0.9985098838806152,-1.7931671142578125,0.0056359898298978806,-1.7091679573059082,-0.5658596754074097,0.20486459136009216,0.6472887396812439
0.09472894668579102,50,-3.314332559511968e-05,0.0011599274330365006,0.0011604008488199885,-0.00044008897930325475,0.03604372905101627,0.0020056217908859253,0.05752798169851303,0.9985098838806152,-1.7931671142578125,0.0056359898298978806,-1.7091679573059082,-0.5658596754074097,0.20486459136009216,0.6472887396812439
0.1055002212524414,50,-3.314332559511968e-05,0.0011599274330365006,0.0011604008488199885,-0.00044008897930325475,0.03604372905101627,0.0020056217908859253,0.05752798169851303,0.9985098838806152,-1.7931671142578125,0.0056359898298978806,-1.7091679573059082,-0.5658596754074097,0.20486459136009216,0.6472887396812439
0.11596131324768066,50,-3.314332559511968e-05,0.0011599274330365006,0.0011604008488199885,-0.00044008897930325475,0.03604372905101627,0.0020056217908859253,0.05752798169851303,0.9985098838806152,-1.7931671142578125,0.0056359898298978806,-1.7091679573059082,-0.5658596754074097,0.20486459136009216,0.6472887396812439
0.12655091285705566,50,-0.047700919094495475,1.5780391171574593,1.5787599035197064,-0.21191607229411602,10.867920517921448,-0.025875475257635117,-0.1899617463350296,0.9768115878105164,12.423839569091797,1.6014533042907715,-1.4614101648330688,-46.70299530029297,4.523116588592529,-20.448909759521484
0.13699054718017578,50,-0.047700919094495475,1.5780391171574593,1.5787599035197064,-0.21191607229411602,10.867920517921448,-0.025875475257635117,-0.1899617463350296,0.9768115878105164,12.423839569091797,1.6014533042907715,-1.4614101648330688,-46.70299530029297,4.523116588592529,-20.448909759521484
0.14738011360168457,50,-0.047700919094495475,1.5780391171574593,1.5787599035197064,-0.21191607229411602,10.867920517921448,-0.025875475257635117,-0.1899617463350296,0.9768115878105164,12.423839569091797,1.6014533042907715,-1.4614101648330688,-46.70299530029297,4.523116588592529,-20.448909759521484
0.15776443481445312,50,-0.047700919094495475,1.5780391171574593,1.5787599035197064,-0.21191607229411602,10.867920517921448,-0.025875475257635117,-0.1899617463350296,0.9768115878105164,12.423839569091797,1.6014533042907715,-1.4614101648330688,-46.70299530029297,4.523116588592529,-20.448909759521484
0.16818475723266602,50,-0.047700919094495475,1.5780391171574593,1.5787599035197064,-0.21191607229411602,10.867920517921448,-0.025875475257635117,-0.1899617463350296,0.9768115878105164,12.423839569091797,1.6014533042907715,-1.4614101648330688,-46.70299530029297,4.523116588592529,-20.448909759521484
0.178605318069458,50,-0.047700919094495475,1.5780391171574593,1.5787599035197064,-0.21191607229411602,10.867920517921448,-0.025875475257635117,-0.1899617463350296,0.9768115878105164,12.423839569091797,1.6014533042907715,-1.4614101648330688,-46.70299530029297,4.523116588592529,-20.448909759521484
0.18920040130615234,50,-0.047700919094495475,1.5780391171574593,1.5787599035197064,-0.21191607229411602,10.867920517921448,-0.025875475257635117,-0.1899617463350296,0.9768115878105164,12.423839569091797,1.6014533042907715,-1.4614101648330688,-46.70299530029297,4.523116588592529,-20.448909759521484
0.19951677322387695,50,-0.047700919094495475,1.5780391171574593,1.5787599035197064,-0.21191607229411602,10.867920517921448,-0.025875475257635117,-0.1899617463350296,0.9768115878105164,12.423839569091797,1.6014533042907715,-1.4614101648330688,-46.70299530029297,4.523116588592529,-20.448909759521484
0.20987343788146973,50,-0.047700919094495475,1.5780391171574593,1.5787599035197064,-0.21191607229411602,10.867920517921448,-0.025875475257635117,-0.1899617463350296,0.9768115878105164,12.423839569091797,1.6014533042907715,-1.4614101648330688,-46.70299530029297,4.523116588592529,-20.448909759521484
0.22035837173461914,50,-0.047700919094495475,1.5780391171574593,1.5787599035197064,-0.21191607229411602,10.867920517921448,-0.025875475257635117,-0.1899617463350296,0.9768115878105164,12.423839569091797,1.6014533042907715,-1.4614101648330688,-46.70299530029297,4.523116588592529,-20.448909759521484
0.23062682151794434,50,-0.047700919094495475,1.5780391171574593,1.5787599035197064,-0.21191607229411602,10.867920517921448,-0.025875475257635117,-0.1899617463350296,0.9768115878105164,12.423839569091797,1.6014533042907715,-1.4614101648330688,-46.70299530029297,4.523116588592529,-20.448909759521484
0.241102933883667,50,-0.047700919094495475,1.5780391171574593,1.5787599035197064,-0.21191607229411602,10.867920517921448,-0.025875475257635117,-0.1899617463350296,0.9768115878105164,12.423839569091797,1.6014533042907715,-1.4614101648330688,-46.70299530029297,4.523116588592529,-20.448909759521484
0.2514979839324951,50,-0.047700919094495475,1.5780391171574593,1.5787599035197064,-0.21191607229411602,10.867920517921448,-0.025875475257635117,-0.1899617463350296,0.9768115878105164,12.423839569091797,1.6014533042907715,-1.4614101648330688,-46.70299530029297,4.523116588592529,-20.448909759521484
0.26253652572631836,50,-0.047700919094495475,1.5780391171574593,1.5787599035197064,-0.21191607229411602,10.867920517921448,-0.025875475257635117,-0.1899617463350296,0.9768115878105164,12.423839569091797,1.6014533042907715,-1.4614101648330688,-46.70299530029297,4.523116588592529,-20.448909759521484
0.27294063568115234,50,-0.06866393960081041,3.1760327517986298,3.176774901861805,-0.11459954548627138,11.41144335269928,-0.018002476543188095,-0.4726371765136719,0.8926143646240234,24.220232009887695,1.266974687576294,-2.103193759918213,-79.25733947753906,1.8473016023635864,8.350186347961426
0.28340673446655273,50,-0.06866393960081041,3.1760327517986298,3.176774901861805,-0.11459954548627138,11.41144335269928,-0.018002476543188095,-0.4726371765136719,0.8926143646240234,24.220232009887695,1.266974687576294,-2.103193759918213,-79.25733947753906,1.8473016023635864,8.350186347961426
0.29367971420288086,50,-0.06866393960081041,3.1760327517986298,3.176774901861805,-0.11459954548627138,11.41144335269928,-0.018002476543188095,-0.4726371765136719,0.8926143646240234,24.220232009887695,1.266974687576294,-2.103193759918213,-79.25733947753906,1.8473016023635864,8.350186347961426
0.30411839485168457,50,-0.06866393960081041,3.1760327517986298,3.176774901861805,-0.11459954548627138,11.41144335269928,-0.018002476543188095,-0.4726371765136719,0.8926143646240234,24.220232009887695,1.266974687576294,-2.103193759918213,-79.25733947753906,1.8473016023635864,8.350186347961426
0.3143961429595947,50,-0.06866393960081041,3.1760327517986298,3.176774901861805,-0.11459954548627138,11.41144335269928,-0.018002476543188095,-0.4726371765136719,0.8926143646240234,24.220232009887695,1.266974687576294,-2.103193759918213,-79.25733947753906,1.8473016023635864,8.350186347961426
0.324674129486084,50,-0.06866393960081041,3.1760327517986298,3.176774901861805,-0.11459954548627138,11.41144335269928,-0.018002476543188095,-0.4726371765136719,0.8926143646240234,24.220232009887695,1.266974687576294,-2.103193759918213,-79.25733947753906,1.8473016023635864,8.350186347961426
0.33510708808898926,50,-0.06866393960081041,3.1760327517986298,3.176774901861805,-0.11459954548627138,11.41144335269928,-0.018002476543188095,-0.4726371765136719,0.8926143646240234,24.220232009887695,1.266974687576294,-2.103193759918213,-79.25733947753906,1.8473016023635864,8.350186347961426
0.3454172611236572,50,-0.06866393960081041,3.1760327517986298,3.176774901861805,-0.11459954548627138,11.41144335269928,-0.018002476543188095,-0.4726371765136719,0.8926143646240234,24.220232009887695,1.266974687576294,-2.103193759918213,-79.25733947753906,1.8473016023635864,8.350186347961426
0.35568928718566895,50,-0.06866393960081041,3.1760327517986298,3.176774901861805,-0.11459954548627138,11.41144335269928,-0.018002476543188095,-0.4726371765136719,0.8926143646240234,24.220232009887695,1.266974687576294,-2.103193759918213,-79.25733947753906,1.8473016023635864,8.350186347961426
0.3661012649536133,50,-0.06866393960081041,3.1760327517986298,3.176774901861805,-0.11459954548627138,11.41144335269928,-0.018002476543188095,-0.4726371765136719,0.8926143646240234,24.220232009887695,1.266974687576294,-2.103193759918213,-79.25733947753906,1.8473016023635864,8.350186347961426
0.37642574310302734,50,-0.06866393960081041,3.1760327517986298,3.176774901861805,-0.11459954548627138,11.41144335269928,-0.018002476543188095,-0.4726371765136719,0.8926143646240234,24.220232009887695,1.266974687576294,-2.103193759918213,-79.25733947753906,1.8473016023635864,8.350186347961426
0.386979341506958,50,-0.06866393960081041,3.1760327517986298,3.176774901861805,-0.11459954548627138,11.41144335269928,-0.018002476543188095,-0.4726371765136719,0.8926143646240234,24.220232009887695,1.266974687576294,-2.103193759918213,-79.25733947753906,1.8473016023635864,8.350186347961426
0.397367000579834,50,-0.06866393960081041,3.1760327517986298,3.176774901861805,-0.11459954548627138,11.41144335269928,-0.018002476543188095,-0.4726371765136719,0.8926143646240234,24.220232009887695,1.266974687576294,-2.103193759918213,-79.25733947753906,1.8473016023635864,8.350186347961426
0.0,50,-0.00036753949643753003,0.020453888282645494,0.020457190206877977,-0.005990669160382822,1.8519813194870949,-0.04753527417778969,0.2263268679380417,1.0338901281356812,-11.095376968383789,0.3171989619731903,-2.9834392070770264,-29.12126922607422,-1.0994396209716797,23.940412521362305
0.019288063049316406,50,-0.00036753949643753003,0.020453888282645494,0.020457190206877977,-0.005990669160382822,1.8519813194870949,-0.04753527417778969,0.2263268679380417,1.0338901281356812,-11.095376968383789,0.3171989619731903,-2.9834392070770264,-29.12126922607422,-1.0994396209716797,23.940412521362305
0.02988290786743164,50,-0.00036753949643753003,0.020453888282645494,0.020457190206877977,-0.005990669160382822,1.8519813194870949,-0.04753527417778969,0.2263268679380417,1.0338901281356812,-11.095376968383789,0.3171989619731903,-2.9834392070770264,-29.12126922607422,-1.0994396209716797,23.940412521362305
0.04032492637634277,50,-0.00036753949643753003,0.020453888282645494,0.020457190206877977,-0.005990669160382822,1.8519813194870949,-0.04753527417778969,0.2263268679380417,1.0338901281356812,-11.095376968383789,0.3171989619731903,-2.9834392070770264,-29.12126922607422,-1.0994396209716797,23.940412521362305
0.05089688301086426,50,-0.00036753949643753003,0.020453888282645494,0.020457190206877977,-0.005990669160382822,1.8519813194870949,-0.04753527417778969,0.2263268679380417,1.0338901281356812,-11.095376968383789,0.3171989619731903,-2.9834392070770264,-29.12126922607422,-1.0994396209716797,23.940412521362305
0.06146574020385742,50,-0.00036753949643753003,0.020453888282645494,0.020457190206877977,-0.005990669160382822,1.8519813194870949,-0.04753527417778969,0.2263268679380417,1.0338901281356812,-11.095376968383789,0.3171989619731903,-2.9834392070770264,-29.12126922607422,-1.0994396209716797,23.940412521362305
0.07175469398498535,50,-0.00036753949643753003,0.020453888282645494,0.020457190206877977,-0.005990669160382822,1.8519813194870949,-0.04753527417778969,0.2263268679380417,1.0338901281356812,-11.095376968383789,0.3171989619731903,-2.9834392070770264,-29.12126922607422,-1.0994396209716797,23.940412521362305
0.0832223892211914,50,-0.00036753949643753003,0.020453888282645494,0.020457190206877977,-0.005990669160382822,1.8519813194870949,-0.04753527417778969,0.2263268679380417,1.0338901281356812,-11.095376968383789,0.3171989619731903,-2.9834392070770264,-29.12126922607422,-1.0994396209716797,23.940412521362305
0.09373688697814941,50,-0.00036753949643753003,0.020453888282645494,0.020457190206877977,-0.005990669160382822,1.8519813194870949,-0.04753527417778969,0.2263268679380417,1.0338901281356812,-11.095376968383789,0.3171989619731903,-2.9834392070770264,-29.12126922607422,-1.0994396209716797,23.940412521362305
0.10400700569152832,50,-0.00036753949643753003,0.020453888282645494,0.020457190206877977,-0.005990669160382822,1.8519813194870949,-0.04753527417778969,0.2263268679380417,1.0338901281356812,-11.095376968383789,0.3171989619731903,-2.9834392070770264,-29.12126922607422,-1.0994396209716797,23.940412521362305
0.11495828628540039,50,-0.00036753949643753003,0.020453888282645494,0.020457190206877977,-0.005990669160382822,1.8519813194870949,-0.04753527417778969,0.2263268679380417,1.0338901281356812,-11.095376968383789,0.3171989619731903,-2.9834392070770264,-29.12126922607422,-1.0994396209716797,23.940412521362305
0.12547540664672852,50,-0.00036753949643753003,0.020453888282645494,0.020457190206877977,-0.005990669160382822,1.8519813194870949,-0.04753527417778969,0.2263268679380417,1.0338901281356812,-11.095376968383789,0.3171989619731903,-2.9834392070770264,-29.12126922607422,-1.0994396209716797,23.940412521362305
0.13620638847351074,50,-0.09814088698476553,2.1735619753599167,2.175776480806027,-0.24087270721793175,11.348137259483337,0.008602021262049675,-0.12321963161230087,1.0173273086547852,5.98356294631958,1.4042739868164062,-2.0964415073394775,-35.745361328125,2.3982226848602295,-20.985227584838867
0.14661884307861328,50,-0.09814088698476553,2.1735619753599167,2.175776480806027,-0.24087270721793175,11.348137259483337,0.008602021262049675,-0.12321963161230087,1.0173273086547852,5.98356294631958,1.4042739868164062,-2.0964415073394775,-35.745361328125,2.3982226848602295,-20.985227584838867
0.15742206573486328,50,-0.09814088698476553,2.1735619753599167,2.175776480806027,-0.24087270721793175,11.348137259483337,0.008602021262049675,-0.12321963161230087,1.0173273086547852,5.98356294631958,1.4042739868164062,-2.0964415073394775,-35.745361328125,2.3982226848602295,-20.985227584838867
0.16770482063293457,50,-0.09814088698476553,2.1735619753599167,2.175776480806027,-0.24087270721793175,11.348137259483337,0.008602021262049675,-0.12321963161230087,1.0173273086547852,5.98356294631958,1.4042739868164062,-2.0964415073394775,-35.745361328125,2.3982226848602295,-20.985227584838867
0.1781156063079834,50,-0.09814088698476553,2.1735619753599167,2.175776480806027,-0.24087270721793175,11.348137259483337,0.008602021262049675,-0.12321963161230087,1.0173273086547852,5.98356294631958,1.4042739868164062,-2.0964415073394775,-35.745361328125,2.3982226848602295,-20.985227584838867
0.18846654891967773,50,-0.09814088698476553,2.1735619753599167,2.175776480806027,-0.24087270721793175,11.348137259483337,0.008602021262049675,-0.12321963161230087,1.0173273086547852,5.98356294631958,1.4042739868164062,-2.0964415073394775,-35.745361328125,2.3982226848602295,-20.985227584838867
0.19877362251281738,50,-0.09814088698476553,2.1735619753599167,2.175776480806027,-0.24087270721793175,11.348137259483337,0.008602021262049675,-0.12321963161230087,1.0173273086547852,5.98356294631958,1.4042739868164062,-2.0964415073394775,-35.745361328125,2.3982226848602295,-20.985227584838867
0.2093369960784912,50,-0.09814088698476553,2.1735619753599167,2.175776480806027,-0.24087270721793175,11.348137259483337,0.008602021262049675,-0.12321963161230087,1.0173273086547852,5.98356294631958,1.4042739868164062,-2.0964415073394775,-35.745361328125,2.3982226848602295,-20.985227584838867
0.21975469589233398,50,-0.09814088698476553,2.1735619753599167,2.175776480806027,-0.24087270721793175,11.348137259483337,0.008602021262049675,-0.12321963161230087,1.0173273086547852,5.98356294631958,1.4042739868164062,-2.0964415073394775,-35.745361328125,2.3982226848602295,-20.985227584838867
0.23002314567565918,50,-0.09814088698476553,2.1735619753599167,2.175776480806027,-0.24087270721793175,11.348137259483337,0.008602021262049675,-0.12321963161230087,1.0173273086547852,5.98356294631958,1.4042739868164062,-2.0964415073394775,-35.745361328125,2.3982226848602295,-20.985227584838867
0.24042892456054688,50,-0.09814088698476553,2.1735619753599167,2.175776480806027,-0.24087270721793175,11.348137259483337,0.008602021262049675,-0.12321963161230087,1.0173273086547852,5.98356294631958,1.4042739868164062,-2.0964415073394775,-35.745361328125,2.3982226848602295,-20.985227584838867
0.250704288482666,50,-0.09814088698476553,2.1735619753599167,2.175776480806027,-0.24087270721793175,11.348137259483337,0.008602021262049675,-0.12321963161230087,1.0173273086547852,5.98356294631958,1.4042739868164062,-2.0964415073394775,-35.745361328125,2.3982226848602295,-20.985227584838867
0.26104164123535156,50,-0.09814088698476553,2.1735619753599167,2.175776480806027,-0.24087270721793175,11.348137259483337,0.008602021262049675,-0.12321963161230087,1.0173273086547852,5.98356294631958,1.4042739868164062,-2.0964415073394775,-35.745361328125,2.3982226848602295,-20.985227584838867
0.2713661193847656,50,-0.09814088698476553,2.1735619753599167,2.175776480806027,-0.24087270721793175,11.348137259483337,0.008602021262049675,-0.12321963161230087,1.0173273086547852,5.98356294631958,1.4042739868164062,-2.0964415073394775,-35.745361328125,2.3982226848602295,-20.985227584838867
0.28168797492980957,50,-0.17159555573016405,4.185313358902931,4.18882954379355,-0.6020350381731987,12.372227013111115,-0.05356927588582039,-0.4492533504962921,0.9629319906234741,19.7918643951416,2.1689488887786865,-1.80549156665802,-63.580623626708984,-9.377137184143066,1.1214408874511719
0.2921936511993408,50,-0.17159555573016405,4.185313358902931,4.18882954379355,-0.6020350381731987,12.372227013111115,-0.05356927588582039,-0.4492533504962921,0.9629319906234741,19.7918643951416,2.1689488887786865,-1.80549156665802,-63.580623626708984,-9.377137184143066,1.1214408874511719
0.3026621341705322,50,-0.17159555573016405,4.185313358902931,4.18882954379355,-0.6020350381731987,12.372227013111115,-0.05356927588582039,-0.4492533504962921,0.9629319906234741,19.7918643951416,2.1689488887786865,-1.80549156665802,-63.580623626708984,-9.377137184143066,1.1214408874511719
0.3129448890686035,50,-0.17159555573016405,4.185313358902931,4.18882954379355,-0.6020350381731987,12.372227013111115,-0.05356927588582039,-0.4492533504962921,0.9629319906234741,19.7918643951416,2.1689488887786865,-1.80549156665802,-63.580623626708984,-9.377137184143066,1.1214408874511719
0.3234260082244873,50,-0.17159555573016405,4.185313358902931,4.18882954379355,-0.6020350381731987,12.372227013111115,-0.05356927588582039,-0.4492533504962921,0.9629319906234741,19.7918643951416,2.1689488887786865,-1.80549156665802,-63.580623626708984,-9.377137184143066,1.1214408874511719
0.33373570442199707,50,-0.17159555573016405,4.185313358902931,4.18882954379355,-0.6020350381731987,12.372227013111115,-0.05356927588582039,-0.4492533504962921,0.9629319906234741,19.7918643951416,2.1689488887786865,-1.80549156665802,-63.580623626708984,-9.377137184143066,1.1214408874511719
0.3441195487976074,50,-0.17159555573016405,4.185313358902931,4.18882954379355,-0.6020350381731987,12.372227013111115,-0.05356927588582039,-0.4492533504962921,0.9629319906234741,19.7918643951416,2.1689488887786865,-1.80549156665802,-63.580623626708984,-9.377137184143066,1.1214408874511719
0.35449910163879395,50,-0.17159555573016405,4.185313358902931,4.18882954379355,-0.6020350381731987,12.372227013111115,-0.05356927588582039,-0.4492533504962921,0.9629319906234741,19.7918643951416,2.1689488887786865,-1.80549156665802,-63.580623626708984,-9.377137184143066,1.1214408874511719
0.3648245334625244,50,-0.17159555573016405,4.185313358902931,4.18882954379355,-0.6020350381731987,12.372227013111115,-0.05356927588582039,-0.4492533504962921,0.9629319906234741,19.7918643951416,2.1689488887786865,-1.80549156665802,-63.580623626708984,-9.377137184143066,1.1214408874511719
0.37526583671569824,50,-0.17159555573016405,4.185313358902931,4.18882954379355,-0.6020350381731987,12.372227013111115,-0.05356927588582039,-0.4492533504962921,0.9629319906234741,19.7918643951416,2.1689488887786865,-1.80549156665802,-63.580623626708984,-9.377137184143066,1.1214408874511719
0.3857107162475586,50,-0.17159555573016405,4.185313358902931,4.18882954379355,-0.6020350381731987,12.372227013111115,-0.05356927588582039,-0.4492533504962921,0.9629319906234741,19.7918643951416,2.1689488887786865,-1.80549156665802,-63.580623626708984,-9.377137184143066,1.1214408874511719
0.3960702419281006,50,-0.17159555573016405,4.185313358902931,4.18882954379355,-0.6020350381731987,12.372227013111115,-0.05356927588582039,-0.4492533504962921,0.9629319906234741,19.7918643951416,2.1689488887786865,-1.80549156665802,-63.580623626708984,-9.377137184143066,1.1214408874511719
0.4063856601715088,50,-0.17159555573016405,4.185313358902931,4.18882954379355,-0.6020350381731987,12.372227013111115,-0.05356927588582039,-0.4492533504962921,0.9629319906234741,19.7918643951416,2.1689488887786865,-1.80549156665802,-63.580623626708984,-9.377137184143066,1.1214408874511719
0.4169297218322754,50,-0.17159555573016405,4.185313358902931,4.18882954379355,-0.6020350381731987,12.372227013111115,-0.05356927588582039,-0.4492533504962921,0.9629319906234741,19.7918643951416,2.1689488887786865,-1.80549156665802,-63.580623626708984,-9.377137184143066,1.1214408874511719
0.4272174835205078,50,-0.17159555573016405,4.185313358902931,4.18882954379355,-0.6020350381731987,12.372227013111115,-0.05356927588582039,-0.4492533504962921,0.9629319906234741,19.7918643951416,2.1689488887786865,-1.80549156665802,-63.580623626708984,-9.377137184143066,1.1214408874511719
0.43767523765563965,50,-0.2717888681218028,5.948901176452637,5.955106581416868,-1.0579663328826427,18.61519366502762,-0.008192282170057297,-0.3467561602592468,0.8186596035957336,24.646638870239258,2.160984992980957,-0.08998777717351913,-102.11028289794922,-13.61445140838623,1.4081543684005737
0.4479048252105713,50,-0.2717888681218028,5.948901176452637,5.955106581416868,-1.0579663328826427,18.61519366502762,-0.008192282170057297,-0.3467561602592468,0.8186596035957336,24.646638870239258,2.160984992980957,-0.08998777717351913,-102.11028289794922,-13.61445140838623,1.4081543684005737
0.458172082901001,50,-0.2717888681218028,5.948901176452637,5.955106581416868,-1.0579663328826427,18.61519366502762,-0.008192282170057297,-0.3467561602592468,0.8186596035957336,24.646638870239258,2.160984992980957,-0.08998777717351913,-102.11028289794922,-13.61445140838623,1.4081543684005737
0.4685835838317871,50,-0.2717888681218028,5.948901176452637,5.955106581416868,-1.0579663328826427,18.61519366502762,-0.008192282170057297,-0.3467561602592468,0.8186596035957336,24.646638870239258,2.160984992980957,-0.08998777717351913,-102.11028289794922,-13.61445140838623,1.4081543684005737
0.47886180877685547,50,-0.2717888681218028,5.948901176452637,5.955106581416868,-1.0579663328826427,18.61519366502762,-0.008192282170057297,-0.3467561602592468,0.8186596035957336,24.646638870239258,2.160984992980957,-0.08998777717351913,-102.11028289794922,-13.61445140838623,1.4081543684005737
0.48920774459838867,50,-0.2717888681218028,5.948901176452637,5.955106581416868,-1.0579663328826427,18.61519366502762,-0.008192282170057297,-0.3467561602592468,0.8186596035957336,24.646638870239258,2.160984992980957,-0.08998777717351913,-102.11028289794922,-13.61445140838623,1.4081543684005737
0.49962902069091797,50,-0.2717888681218028,5.948901176452637,5.955106581416868,-1.0579663328826427,18.61519366502762,-0.008192282170057297,-0.3467561602592468,0.8186596035957336,24.646638870239258,2.160984992980957,-0.08998777717351913,-102.11028289794922,-13.61445140838623,1.4081543684005737
0.5098884105682373,50,-0.2717888681218028,5.948901176452637,5.955106581416868,-1.0579663328826427,18.61519366502762,-0.008192282170057297,-0.3467561602592468,0.8186596035957336,24.646638870239258,2.160984992980957,-0.08998777717351913,-102.11028289794922,-13.61445140838623,1.4081543684005737
0.5203824043273926,50,-0.2717888681218028,5.948901176452637,5.955106581416868,-1.0579663328826427,18.61519366502762,-0.008192282170057297,-0.3467561602592468,0.8186596035957336,24.646638870239258,2.160984992980957,-0.08998777717351913,-102.11028289794922,-13.61445140838623,1.4081543684005737
0.530872106552124,50,-0.2717888681218028,5.948901176452637,5.955106581416868,-1.0579663328826427,18.61519366502762,-0.008192282170057297,-0.3467561602592468,0.8186596035957336,24.646638870239258,2.160984992980957,-0.08998777717351913,-102.11028289794922,-13.61445140838623,1.4081543684005737
0.5411903858184814,50,-0.2717888681218028,5.948901176452637,5.955106581416868,-1.0579663328826427,18.61519366502762,-0.008192282170057297,-0.3467561602592468,0.8186596035957336,24.646638870239258,2.160984992980957,-0.08998777717351913,-102.11028289794922,-13.61445140838623,1.4081543684005737
0.5517058372497559,50,-0.2717888681218028,5.948901176452637,5.955106581416868,-1.0579663328826427,18.61519366502762,-0.008192282170057297,-0.3467561602592468,0.8186596035957336,24.646638870239258,2.160984992980957,-0.08998777717351913,-102.11028289794922,-13.61445140838623,1.4081543684005737
0.562211275100708,50,-0.2717888681218028,5.948901176452637,5.955106581416868,-1.0579663328826427,18.61519366502762,-0.008192282170057297,-0.3467561602592468,0.8186596035957336,24.646638870239258,2.160984992980957,-0.08998777717351913,-102.11028289794922,-13.61445140838623,1.4081543684005737
0.5725593566894531,50,-0.2717888681218028,5.948901176452637,5.955106581416868,-1.0579663328826427,18.61519366502762,-0.008192282170057297,-0.3467561602592468,0.8186596035957336,24.646638870239258,2.160984992980957,-0.08998777717351913,-102.11028289794922,-13.61445140838623,1.4081543684005737
0.5829153060913086,50,-0.2717888681218028,5.948901176452637,5.955106581416868,-1.0579663328826427,18.61519366502762,-0.008192282170057297,-0.3467561602592468,0.8186596035957336,24.646638870239258,2.160984992980957,-0.08998777717351913,-102.11028289794922,-13.61445140838623,1.4081543684005737
0.5933542251586914,50,-0.2717888681218028,5.948901176452637,5.955106581416868,-1.0579663328826427,18.61519366502762,-0.008192282170057297,-0.3467561602592468,0.8186596035957336,24.646638870239258,2.160984992980957,-0.08998777717351913,-102.11028289794922,-13.61445140838623,1.4081543684005737
0.0,50,0.0002262426505694748,-0.0002920284487117897,0.0003694135241077617,0.00042009555727418046,0.012655537284445018,-0.017974775284528732,-0.19386504590511322,0.9690744876861572,11.485033988952637,-0.012078788131475449,-1.2402387857437134,-0.19885452091693878,0.03081853874027729,0.0
0.011158466339111328,50,0.0002262426505694748,-0.0002920284487117897,0.0003694135241077617,0.00042009555727418046,0.012655537284445018,-0.017974775284528732,-0.19386504590511322,0.9690744876861572,11.485033988952637,-0.012078788131475449,-1.2402387857437134,-0.19885452091693878,0.03081853874027729,0.0
0.021486282348632812,50,0.0002262426505694748,-0.0002920284487117897,0.0003694135241077617,0.00042009555727418046,0.012655537284445018,-0.017974775284528732,-0.19386504590511322,0.9690744876861572,11.485033988952637,-0.012078788131475449,-1.2402387857437134,-0.19885452091693878,0.03081853874027729,0.0
0.03185391426086426,50,0.0002262426505694748,-0.0002920284487117897,0.0003694135241077617,0.00042009555727418046,0.012655537284445018,-0.017974775284528732,-0.19386504590511322,0.9690744876861572,11.485033988952637,-0.012078788131475449,-1.2402387857437134,-0.19885452091693878,0.03081853874027729,0.0
0.0423431396484375,50,0.0002262426505694748,-0.0002920284487117897,0.0003694135241077617,0.00042009555727418046,0.012655537284445018,-0.017974775284528732,-0.19386504590511322,0.9690744876861572,11.485033988952637,-0.012078788131475449,-1.2402387857437134,-0.19885452091693878,0.03081853874027729,0.0
0.05257701873779297,50,0.0002262426505694748,-0.0002920284487117897,0.0003694135241077617,0.00042009555727418046,0.012655537284445018,-0.017974775284528732,-0.19386504590511322,0.9690744876861572,11.485033988952637,-0.012078788131475449,-1.2402387857437134,-0.19885452091693878,0.03081853874027729,0.0
0.0629587173461914,50,0.0002262426505694748,-0.0002920284487117897,0.0003694135241077617,0.00042009555727418046,0.012655537284445018,-0.017974775284528732,-0.19386504590511322,0.9690744876861572,11.485033988952637,-0.012078788131475449,-1.2402387857437134,-0.19885452091693878,0.03081853874027729,0.0
0.0731668472290039,50,0.0002262426505694748,-0.0002920284487117897,0.0003694135241077617,0.00042009555727418046,0.012655537284445018,-0.017974775284528732,-0.19386504590511322,0.9690744876861572,11.485033988952637,-0.012078788131475449,-1.2402387857437134,-0.19885452091693878,0.03081853874027729,0.0
0.08388662338256836,50,0.0002262426505694748,-0.0002920284487117897,0.0003694135241077617,0.00042009555727418046,0.012655537284445018,-0.017974775284528732,-0.19386504590511322,0.9690744876861572,11.485033988952637,-0.012078788131475449,-1.2402387857437134,-0.19885452091693878,0.03081853874027729,0.0
0.09461569786071777,50,0.0002262426505694748,-0.0002920284487117897,0.0003694135241077617,0.00042009555727418046,0.012655537284445018,-0.017974775284528732,-0.19386504590511322,0.9690744876861572,11.485033988952637,-0.012078788131475449,-1.2402387857437134,-0.19885452091693878,0.03081853874027729,0.0
0.10508131980895996,50,0.0002262426505694748,-0.0002920284487117897,0.0003694135241077617,0.00042009555727418046,0.012655537284445018,-0.017974775284528732,-0.19386504590511322,0.9690744876861572,11.485033988952637,-0.012078788131475449,-1.2402387857437134,-0.19885452091693878,0.03081853874027729,0.0
0.11544656753540039,50,0.0002262426505694748,-0.0002920284487117897,0.0003694135241077617,0.00042009555727418046,0.012655537284445018,-0.017974775284528732,-0.19386504590511322,0.9690744876861572,11.485033988952637,-0.012078788131475449,-1.2402387857437134,-0.19885452091693878,0.03081853874027729,0.0
0.12576985359191895,50,-0.01335560082225129,0.5968203768134117,0.5969697934175783,-0.2063734456896782,10.406436771154404,-0.01771007850766182,-0.48841676115989685,0.9240579605102539,17.954044342041016,1.5940991640090942,-1.3432306051254272,-82.46346282958984,2.2519633769989014,-14.698019981384277
0.13609576225280762,50,-0.01335560082225129,0.5968203768134117,0.5969697934175783,-0.2063734456896782,10.406436771154404,-0.01771007850766182,-0.48841676115989685,0.9240579605102539,17.954044342041016,1.5940991640090942,-1.3432306051254272,-82.46346282958984,2.2519633769989014,-14.698019981384277
0.1463770866394043,50,-0.01335560082225129,0.5968203768134117,0.5969697934175783,-0.2063734456896782,10.406436771154404,-0.01771007850766182,-0.48841676115989685,0.9240579605102539,17.954044342041016,1.5940991640090942,-1.3432306051254272,-82.46346282958984,2.2519633769989014,-14.698019981384277
0.1567838191986084,50,-0.01335560082225129,0.5968203768134117,0.5969697934175783,-0.2063734456896782,10.406436771154404,-0.01771007850766182,-0.48841676115989685,0.9240579605102539,17.954044342041016,1.5940991640090942,-1.3432306051254272,-82.46346282958984,2.2519633769989014,-14.698019981384277
0.1671428680419922,50,-0.01335560082225129,0.5968203768134117,0.5969697934175783,-0.2063734456896782,10.406436771154404,-0.01771007850766182,-0.48841676115989685,0.9240579605102539,17.954044342041016,1.5940991640090942,-1.3432306051254272,-82.46346282958984,2.2519633769989014,-14.698019981384277
0.17797207832336426,50,-0.01335560082225129,0.5968203768134117,0.5969697934175783,-0.2063734456896782,10.406436771154404,-0.01771007850766182,-0.48841676115989685,0.9240579605102539,17.954044342041016,1.5940991640090942,-1.3432306051254272,-82.46346282958984,2.2519633769989014,-14.698019981384277
0.18856549263000488,50,-0.01335560082225129,0.5968203768134117,0.5969697934175783,-0.2063734456896782,10.406436771154404,-0.01771007850766182,-0.48841676115989685,0.9240579605102539,17.954044342041016,1.5940991640090942,-1.3432306051254272,-82.46346282958984,2.2519633769989014,-14.698019981384277
0.19899988174438477,50,-0.01335560082225129,0.5968203768134117,0.5969697934175783,-0.2063734456896782,10.406436771154404,-0.01771007850766182,-0.48841676115989685,0.9240579605102539,17.954044342041016,1.5940991640090942,-1.3432306051254272,-82.46346282958984,2.2519633769989014,-14.698019981384277
0.20982599258422852,50,-0.01335560082225129,0.5968203768134117,0.5969697934175783,-0.2063734456896782,10.406436771154404,-0.01771007850766182,-0.48841676115989685,0.9240579605102539,17.954044342041016,1.5940991640090942,-1.3432306051254272,-82.46346282958984,2.2519633769989014,-14.698019981384277
0.2205667495727539,50,-0.01335560082225129,0.5968203768134117,0.5969697934175783,-0.2063734456896782,10.406436771154404,-0.01771007850766182,-0.48841676115989685,0.9240579605102539,17.954044342041016,1.5940991640090942,-1.3432306051254272,-82.46346282958984,2.2519633769989014,-14.698019981384277
0.23125219345092773,50,-0.01335560082225129,0.5968203768134117,0.5969697934175783,-0.2063734456896782,10.406436771154404,-0.01771007850766182,-0.48841676115989685,0.9240579605102539,17.954044342041016,1.5940991640090942,-1.3432306051254272,-82.46346282958984,2.2519633769989014,-14.698019981384277
0.2415907382965088,50,-0.01335560082225129,0.5968203768134117,0.5969697934175783,-0.2063734456896782,10.406436771154404,-0.01771007850766182,-0.48841676115989685,0.9240579605102539,17.954044342041016,1.5940991640090942,-1.3432306051254272,-82.46346282958984,2.2519633769989014,-14.698019981384277
0.2518582344055176,50,-0.01335560082225129,0.5968203768134117,0.5969697934175783,-0.2063734456896782,10.406436771154404,-0.01771007850766182,-0.48841676115989685,0.9240579605102539,17.954044342041016,1.5940991640090942,-1.3432306051254272,-82.46346282958984,2.2519633769989014,-14.698019981384277
0.26270508766174316,50,-0.01335560082225129,0.5968203768134117,0.5969697934175783,-0.2063734456896782,10.406436771154404,-0.01771007850766182,-0.48841676115989685,0.9240579605102539,17.954044342041016,1.5940991640090942,-1.3432306051254272,-82.46346282958984,2.2519633769989014,-14.698019981384277
0.2732369899749756,50,-0.03541921323630959,1.7462119460105896,1.7465711210988144,-0.2626002999022603,5.527130514383316,-0.05048577859997749,-0.39807185530662537,0.9120562672615051,26.034059524536133,1.8256738185882568,-1.8646893501281738,-26.816112518310547,-4.591881275177002,-2.231525182723999
0.283771276473999,50,-0.03541921323630959,1.7462119460105896,1.7465711210988144,-0.2626002999022603,5.527130514383316,-0.05048577859997749,-0.39807185530662537,0.9120562672615051,26.034059524536133,1.8256738185882568,-1.8646893501281738,-26.816112518310547,-4.591881275177002,-2.231525182723999
0.29402828216552734,50,-0.03541921323630959,1.7462119460105896,1.7465711210988144,-0.2626002999022603,5.527130514383316,-0.05048577859997749,-0.39807185530662537,0.9120562672615051,26.034059524536133,1.8256738185882568,-1.8646893501281738,-26.816112518310547,-4.591881275177002,-2.231525182723999
0.3045825958251953,50,-0.03541921323630959,1.7462119460105896,1.7465711210988144,-0.2626002999022603,5.527130514383316,-0.05048577859997749,-0.39807185530662537,0.9120562672615051,26.034059524536133,1.8256738185882568,-1.8646893501281738,-26.816112518310547,-4.591881275177002,-2.231525182723999
0.31500792503356934,50,-0.03541921323630959,1.7462119460105896,1.7465711210988144,-0.2626002999022603,5.527130514383316,-0.05048577859997749,-0.39807185530662537,0.9120562672615051,26.034059524536133,1.8256738185882568,-1.8646893501281738,-26.816112518310547,-4.591881275177002,-2.231525182723999
0.32532453536987305,50,-0.03541921323630959,1.7462119460105896,1.7465711210988144,-0.2626002999022603,5.527130514383316,-0.05048577859997749,-0.39807185530662537,0.9120562672615051,26.034059524536133,1.8256738185882568,-1.8646893501281738,-26.816112518310547,-4.591881275177002,-2.231525182723999
0.33568286895751953,50,-0.03541921323630959,1.7462119460105896,1.7465711210988144,-0.2626002999022603,5.527130514383316,-0.05048577859997749,-0.39807185530662537,0.9120562672615051,26.034059524536133,1.8256738185882568,-1.8646893501281738,-26.816112518310547,-4.591881275177002,-2.231525182723999
0.3459634780883789,50,-0.03541921323630959,1.7462119460105896,1.7465711210988144,-0.2626002999022603,5.527130514383316,-0.05048577859997749,-0.39807185530662537,0.9120562672615051,26.034059524536133,1.8256738185882568,-1.8646893501281738,-26.816112518310547,-4.591881275177002,-2.231525182723999
0.3563249111175537,50,-0.03541921323630959,1.7462119460105896,1.7465711210988144,-0.2626002999022603,5.527130514383316,-0.05048577859997749,-0.39807185530662537,0.9120562672615051,26.034059524536133,1.8256738185882568,-1.8646893501281738,-26.816112518310547,-4.591881275177002,-2.231525182723999
0.36673593521118164,50,-0.03541921323630959,1.7462119460105896,1.7465711210988144,-0.2626002999022603,5.527130514383316,-0.05048577859997749,-0.39807185530662537,0.9120562672615051,26.034059524536133,1.8256738185882568,-1.8646893501281738,-26.816112518310547,-4.591881275177002,-2.231525182723999
0.37738656997680664,50,-0.03541921323630959,1.7462119460105896,1.7465711210988144,-0.2626002999022603,5.527130514383316,-0.05048577859997749,-0.39807185530662537,0.9120562672615051,26.034059524536133,1.8256738185882568,-1.8646893501281738,-26.816112518310547,-4.591881275177002,-2.231525182723999
0.38776087760925293,50,-0.03541921323630959,1.7462119460105896,1.7465711210988144,-0.2626002999022603,5.527130514383316,-0.05048577859997749,-0.39807185530662537,0.9120562672615051,26.034059524536133,1.8256738185882568,-1.8646893501281738,-26.816112518310547,-4.591881275177002,-2.231525182723999
0.3981914520263672,50,-0.03541921323630959,1.7462119460105896,1.7465711210988144,-0.2626002999022603,5.527130514383316,-0.05048577859997749,-0.39807185530662537,0.9120562672615051,26.034059524536133,1.8256738185882568,-1.8646893501281738,-26.816112518310547,-4.591881275177002,-2.231525182723999
0.4085693359375,50,-0.03541921323630959,1.7462119460105896,1.7465711210988144,-0.2626002999022603,5.527130514383316,-0.05048577859997749,-0.39807185530662537,0.9120562672615051,26.034059524536133,1.8256738185882568,-1.8646893501281738,-26.816112518310547,-4.591881275177002,-2.231525182723999
0.4187333583831787,50,-0.03541921323630959,1.7462119460105896,1.7465711210988144,-0.2626002999022603,5.527130514383316,-0.05048577859997749,-0.39807185530662537,0.9120562672615051,26.034059524536133,1.8256738185882568,-1.8646893501281738,-26.816112518310547,-4.591881275177002,-2.231525182723999
0.42912888526916504,50,-0.03309492894914001,2.6972495019435883,2.6974525297133747,-0.2693790476769209,7.399693876504898,-0.04510008171200752,-0.5117889642715454,0.8130024075508118,32.83039474487305,2.0830371379852295,-2.579833507537842,-46.45574188232422,-2.880248785018921,-2.32501482963562
0.4395616054534912,50,-0.03309492894914001,2.6972495019435883,2.6974525297133747,-0.2693790476769209,7.399693876504898,-0.04510008171200752,-0.5117889642715454,0.8130024075508118,32.83039474487305,2.0830371379852295,-2.579833507537842,-46.45574188232422,-2.880248785018921,-2.32501482963562
0.44983553886413574,50,-0.03309492894914001,2.6972495019435883,2.6974525297133747,-0.2693790476769209,7.399693876504898,-0.04510008171200752,-0.5117889642715454,0.8130024075508118,32.83039474487305,2.0830371379852295,-2.579833507537842,-46.45574188232422,-2.880248785018921,-2.32501482963562
0.4600648880004883,50,-0.03309492894914001,2.6972495019435883,2.6974525297133747,-0.2693790476769209,7.399693876504898,-0.04510008171200752,-0.5117889642715454,0.8130024075508118,32.83039474487305,2.0830371379852295,-2.579833507537842,-46.45574188232422,-2.880248785018921,-2.32501482963562
0.47049403190612793,50,-0.03309492894914001,2.6972495019435883,2.6974525297133747,-0.2693790476769209,7.399693876504898,-0.04510008171200752,-0.5117889642715454,0.8130024075508118,32.83039474487305,2.0830371379852295,-2.579833507537842,-46.45574188232422,-2.880248785018921,-2.32501482963562
0.4808497428894043,50,-0.03309492894914001,2.6972495019435883,2.6974525297133747,-0.2693790476769209,7.399693876504898,-0.04510008171200752,-0.5117889642715454,0.8130024075508118,32.83039474487305,2.0830371379852295,-2.579833507537842,-46.45574188232422,-2.880248785018921,-2.32501482963562
0.49126410484313965,50,-0.03309492894914001,2.6972495019435883,2.6974525297133747,-0.2693790476769209,7.399693876504898,-0.04510008171200752,-0.5117889642715454,0.8130024075508118,32.83039474487305,2.0830371379852295,-2.579833507537842,-46.45574188232422,-2.880248785018921,-2.32501482963562
0.5015332698822021,50,-0.03309492894914001,2.6972495019435883,2.6974525297133747,-0.2693790476769209,7.399693876504898,-0.04510008171200752,-0.5117889642715454,0.8130024075508118,32.83039474487305,2.0830371379852295,-2.579833507537842,-46.45574188232422,-2.880248785018921,-2.32501482963562
0.5122725963592529,50,-0.03309492894914001,2.6972495019435883,2.6974525297133747,-0.2693790476769209,7.399693876504898,-0.04510008171200752,-0.5117889642715454,0.8130024075508118,32.83039474487305,2.0830371379852295,-2.579833507537842,-46.45574188232422,-2.880248785018921,-2.32501482963562
0.522711992263794,50,-0.03309492894914001,2.6972495019435883,2.6974525297133747,-0.2693790476769209,7.399693876504898,-0.04510008171200752,-0.5117889642715454,0.8130024075508118,32.83039474487305,2.0830371379852295,-2.579833507537842,-46.45574188232422,-2.880248785018921,-2.32501482963562
0.5329999923706055,50,-0.03309492894914001,2.6972495019435883,2.6974525297133747,-0.2693790476769209,7.399693876504898,-0.04510008171200752,-0.5117889642715454,0.8130024075508118,32.83039474487305,2.0830371379852295,-2.579833507537842,-46.45574188232422,-2.880248785018921,-2.32501482963562
0.5434355735778809,50,-0.03309492894914001,2.6972495019435883,2.6974525297133747,-0.2693790476769209,7.399693876504898,-0.04510008171200752,-0.5117889642715454,0.8130024075508118,32.83039474487305,2.0830371379852295,-2.579833507537842,-46.45574188232422,-2.880248785018921,-2.32501482963562
0.5539765357971191,50,-0.03309492894914001,2.6972495019435883,2.6974525297133747,-0.2693790476769209,7.399693876504898,-0.04510008171200752,-0.5117889642715454,0.8130024075508118,32.83039474487305,2.0830371379852295,-2.579833507537842,-46.45574188232422,-2.880248785018921,-2.32501482963562
0.5643289089202881,50,-0.03309492894914001,2.6972495019435883,2.6974525297133747,-0.2693790476769209,7.399693876504898,-0.04510008171200752,-0.5117889642715454,0.8130024075508118,32.83039474487305,2.0830371379852295,-2.579833507537842,-46.45574188232422,-2.880248785018921,-2.32501482963562
0.5746636390686035,50,-0.03309492894914001,2.6972495019435883,2.6974525297133747,-0.2693790476769209,7.399693876504898,-0.04510008171200752,-0.5117889642715454,0.8130024075508118,32.83039474487305,2.0830371379852295,-2.579833507537842,-46.45574188232422,-2.880248785018921,-2.32501482963562
0.5850577354431152,50,-0.03309492894914001,2.6972495019435883,2.6974525297133747,-0.2693790476769209,7.399693876504898,-0.04510008171200752,-0.5117889642715454,0.8130024075508118,32.83039474487305,2.0830371379852295,-2.579833507537842,-46.45574188232422,-2.880248785018921,-2.32501482963562
0.5955560207366943,50,-0.0006562207090610173,3.9016377180814743,3.901637773266713,-0.03365870506968349,0.01030368948704563,-0.0834149718284607,-0.5941100120544434,0.705322265625,32.17949295043945,2.0959250926971436,-3.9897501468658447,159.82034301757812,-0.9249750375747681,-11.36671257019043
0.6059620380401611,50,-0.0006562207090610173,3.9016377180814743,3.901637773266713,-0.03365870506968349,0.01030368948704563,-0.0834149718284607,-0.5941100120544434,0.705322265625,32.17949295043945,2.0959250926971436,-3.9897501468658447,159.82034301757812,-0.9249750375747681,-11.36671257019043
0.6163828372955322,50,-0.0006562207090610173,3.9016377180814743,3.901637773266713,-0.03365870506968349,0.01030368948704563,-0.0834149718284607,-0.5941100120544434,0.705322265625,32.17949295043945,2.0959250926971436,-3.9897501468658447,159.82034301757812,-0.9249750375747681,-11.36671257019043
0.6267459392547607,50,-0.0006562207090610173,3.9016377180814743,3.901637773266713,-0.03365870506968349,0.01030368948704563,-0.0834149718284607,-0.5941100120544434,0.705322265625,32.17949295043945,2.0959250926971436,-3.9897501468658447,159.82034301757812,-0.9249750375747681,-11.36671257019043
0.6370193958282471,50,-0.0006562207090610173,3.9016377180814743,3.901637773266713,-0.03365870506968349,0.01030368948704563,-0.0834149718284607,-0.5941100120544434,0.705322265625,32.17949295043945,2.0959250926971436,-3.9897501468658447,159.82034301757812,-0.9249750375747681,-11.36671257019043
0.6474368572235107,50,-0.0006562207090610173,3.9016377180814743,3.901637773266713,-0.03365870506968349,0.01030368948704563,-0.0834149718284607,-0.5941100120544434,0.705322265625,32.17949295043945,2.0959250926971436,-3.9897501468658447,159.82034301757812,-0.9249750375747681,-11.36671257019043
0.6577045917510986,50,-0.0006562207090610173,3.9016377180814743,3.901637773266713,-0.03365870506968349,0.01030368948704563,-0.0834149718284607,-0.5941100120544434,0.705322265625,32.17949295043945,2.0959250926971436,-3.9897501468658447,159.82034301757812,-0.9249750375747681,-11.36671257019043
0.6681275367736816,50,-0.0006562207090610173,3.9016377180814743,3.901637773266713,-0.03365870506968349,0.01030368948704563,-0.0834149718284607,-0.5941100120544434,0.705322265625,32.17949295043945,2.0959250926971436,-3.9897501468658447,159.82034301757812,-0.9249750375747681,-11.36671257019043
0.6783382892608643,50,-0.0006562207090610173,3.9016377180814743,3.901637773266713,-0.03365870506968349,0.01030368948704563,-0.0834149718284607,-0.5941100120544434,0.705322265625,32.17949295043945,2.0959250926971436,-3.9897501468658447,159.82034301757812,-0.9249750375747681,-11.36671257019043
0.68876051902771,50,-0.0006562207090610173,3.9016377180814743,3.901637773266713,-0.03365870506968349,0.01030368948704563,-0.0834149718284607,-0.5941100120544434,0.705322265625,32.17949295043945,2.0959250926971436,-3.9897501468658447,159.82034301757812,-0.9249750375747681,-11.36671257019043
0.6992425918579102,50,-0.0006562207090610173,3.9016377180814743,3.901637773266713,-0.03365870506968349,0.01030368948704563,-0.0834149718284607,-0.5941100120544434,0.705322265625,32.17949295043945,2.0959250926971436,-3.9897501468658447,159.82034301757812,-0.9249750375747681,-11.36671257019043
0.7094945907592773,50,-0.0006562207090610173,3.9016377180814743,3.901637773266713,-0.03365870506968349,0.01030368948704563,-0.0834149718284607,-0.5941100120544434,0.705322265625,32.17949295043945,2.0959250926971436,-3.9897501468658447,159.82034301757812,-0.9249750375747681,-11.36671257019043
0.7198622226715088,50,-0.0006562207090610173,3.9016377180814743,3.901637773266713,-0.03365870506968349,0.01030368948704563,-0.0834149718284607,-0.5941100120544434,0.705322265625,32.17949295043945,2.0959250926971436,-3.9897501468658447,159.82034301757812,-0.9249750375747681,-11.36671257019043
0.7302453517913818,50,-0.0006562207090610173,3.9016377180814743,3.901637773266713,-0.03365870506968349,0.01030368948704563,-0.0834149718284607,-0.5941100120544434,0.705322265625,32.17949295043945,2.0959250926971436,-3.9897501468658447,159.82034301757812,-0.9249750375747681,-11.36671257019043
0.7405695915222168,50,-0.1003247918561101,5.7718440890312195,5.77271593376511,-1.4127091504633427,18.336698412895203,-0.03405947610735893,-0.17415814101696014,0.9294379949569702,19.555234909057617,2.484039306640625,-2.4067983627319336,19.49350357055664,-35.372013092041016,2.4416518211364746
0.7507939338684082,50,-0.1003247918561101,5.7718440890312195,5.77271593376511,-1.4127091504633427,18.336698412895203,-0.03405947610735893,-0.17415814101696014,0.9294379949569702,19.555234909057617,2.484039306640625,-2.4067983627319336,19.49350357055664,-35.372013092041016,2.4416518211364746
0.7610759735107422,50,-0.1003247918561101,5.7718440890312195,5.77271593376511,-1.4127091504633427,18.336698412895203,-0.03405947610735893,-0.17415814101696014,0.9294379949569702,19.555234909057617,2.484039306640625,-2.4067983627319336,19.49350357055664,-35.372013092041016,2.4416518211364746
0.7717075347900391,50,-0.1003247918561101,5.7718440890312195,5.77271593376511,-1.4127091504633427,18.336698412895203,-0.03405947610735893,-0.17415814101696014,0.9294379949569702,19.555234909057617,2.484039306640625,-2.4067983627319336,19.49350357055664,-35.372013092041016,2.4416518211364746
0.7820544242858887,50,-0.1003247918561101,5.7718440890312195,5.77271593376511,-1.4127091504633427,18.336698412895203,-0.03405947610735893,-0.17415814101696014,0.9294379949569702,19.555234909057617,2.484039306640625,-2.4067983627319336,19.49350357055664,-35.372013092041016,2.4416518211364746
0.7923562526702881,50,-0.1003247918561101,5.7718440890312195,5.77271593376511,-1.4127091504633427,18.336698412895203,-0.03405947610735893,-0.17415814101696014,0.9294379949569702,19.555234909057617,2.484039306640625,-2.4067983627319336,19.49350357055664,-35.372013092041016,2.4416518211364746
0.0,50,0.00034294851047889097,-7.448044243574259e-05,0.00035094303974450607,0.002459676397847943,-0.0028496251616161317,-0.06138187274336815,-0.18211975693702698,0.9642837643623352,10.58017635345459,-0.008239464834332466,-3.6399762630462646,0.04204975813627243,0.21709397435188293,0.0
0.010822772979736328,50,0.00034294851047889097,-7.448044243574259e-05,0.00035094303974450607,0.002459676397847943,-0.0028496251616161317,-0.06138187274336815,-0.18211975693702698,0.9642837643623352,10.58017635345459,-0.008239464834332466,-3.6399762630462646,0.04204975813627243,0.21709397435188293,0.0
0.02127861976623535,50,0.00034294851047889097,-7.448044243574259e-05,0.00035094303974450607,0.002459676397847943,-0.0028496251616161317,-0.06138187274336815,-0.18211975693702698,0.9642837643623352,10.58017635345459,-0.008239464834332466,-3.6399762630462646,0.04204975813627243,0.21709397435188293,0.0
0.03168296813964844,50,0.00034294851047889097,-7.448044243574259e-05,0.00035094303974450607,0.002459676397847943,-0.0028496251616161317,-0.06138187274336815,-0.18211975693702698,0.9642837643623352,10.58017635345459,-0.008239464834332466,-3.6399762630462646,0.04204975813627243,0.21709397435188293,0.0
0.041977643966674805,50,0.00034294851047889097,-7.448044243574259e-05,0.00035094303974450607,0.002459676397847943,-0.0028496251616161317,-0.06138187274336815,-0.18211975693702698,0.9642837643623352,10.58017635345459,-0.008239464834332466,-3.6399762630462646,0.04204975813627243,0.21709397435188293,0.0
0.052497148513793945,50,0.00034294851047889097,-7.448044243574259e-05,0.00035094303974450607,0.002459676397847943,-0.0028496251616161317,-0.06138187274336815,-0.18211975693702698,0.9642837643623352,10.58017635345459,-0.008239464834332466,-3.6399762630462646,0.04204975813627243,0.21709397435188293,0.0
0.06289434432983398,50,0.00034294851047889097,-7.448044243574259e-05,0.00035094303974450607,0.002459676397847943,-0.0028496251616161317,-0.06138187274336815,-0.18211975693702698,0.9642837643623352,10.58017635345459,-0.008239464834332466,-3.6399762630462646,0.04204975813627243,0.21709397435188293,0.0
0.07337117195129395,50,0.00034294851047889097,-7.448044243574259e-05,0.00035094303974450607,0.002459676397847943,-0.0028496251616161317,-0.06138187274336815,-0.18211975693702698,0.9642837643623352,10.58017635345459,-0.008239464834332466,-3.6399762630462646,0.04204975813627243,0.21709397435188293,0.0
0.08359313011169434,50,0.00034294851047889097,-7.448044243574259e-05,0.00035094303974450607,0.002459676397847943,-0.0028496251616161317,-0.06138187274336815,-0.18211975693702698,0.9642837643623352,10.58017635345459,-0.008239464834332466,-3.6399762630462646,0.04204975813627243,0.21709397435188293,0.0
0.09385967254638672,50,0.00034294851047889097,-7.448044243574259e-05,0.00035094303974450607,0.002459676397847943,-0.0028496251616161317,-0.06138187274336815,-0.18211975693702698,0.9642837643623352,10.58017635345459,-0.008239464834332466,-3.6399762630462646,0.04204975813627243,0.21709397435188293,0.0
0.10449004173278809,50,0.00034294851047889097,-7.448044243574259e-05,0.00035094303974450607,0.002459676397847943,-0.0028496251616161317,-0.06138187274336815,-0.18211975693702698,0.9642837643623352,10.58017635345459,-0.008239464834332466,-3.6399762630462646,0.04204975813627243,0.21709397435188293,0.0
0.1147620677947998,50,0.00034294851047889097,-7.448044243574259e-05,0.00035094303974450607,0.002459676397847943,-0.0028496251616161317,-0.06138187274336815,-0.18211975693702698,0.9642837643623352,10.58017635345459,-0.008239464834332466,-3.6399762630462646,0.04204975813627243,0.21709397435188293,0.0
0.1251068115234375,50,0.00034294851047889097,-7.448044243574259e-05,0.00035094303974450607,0.002459676397847943,-0.0028496251616161317,-0.06138187274336815,-0.18211975693702698,0.9642837643623352,10.58017635345459,-0.008239464834332466,-3.6399762630462646,0.04204975813627243,0.21709397435188293,0.0
0.13604307174682617,50,-0.01606230071047321,0.5850261077284813,0.5852465670365357,-0.13064705999568105,7.548883557319641,-0.07018497586250305,-0.390302449464798,0.9432114958763123,16.669124603271484,2.0759358406066895,-3.8601484298706055,-51.91484069824219,3.61981201171875,-24.0765438079834
0.14650535583496094,50,-0.01606230071047321,0.5850261077284813,0.5852465670365357,-0.13064705999568105,7.548883557319641,-0.07018497586250305,-0.390302449464798,0.9432114958763123,16.669124603271484,2.0759358406066895,-3.8601484298706055,-51.91484069824219,3.61981201171875,-24.0765438079834
0.15690326690673828,50,-0.01606230071047321,0.5850261077284813,0.5852465670365357,-0.13064705999568105,7.548883557319641,-0.07018497586250305,-0.390302449464798,0.9432114958763123,16.669124603271484,2.0759358406066895,-3.8601484298706055,-51.91484069824219,3.61981201171875,-24.0765438079834
0.16726136207580566,50,-0.01606230071047321,0.5850261077284813,0.5852465670365357,-0.13064705999568105,7.548883557319641,-0.07018497586250305,-0.390302449464798,0.9432114958763123,16.669124603271484,2.0759358406066895,-3.8601484298706055,-51.91484069824219,3.61981201171875,-24.0765438079834
0.1778867244720459,50,-0.01606230071047321,0.5850261077284813,0.5852465670365357,-0.13064705999568105,7.548883557319641,-0.07018497586250305,-0.390302449464798,0.9432114958763123,16.669124603271484,2.0759358406066895,-3.8601484298706055,-51.91484069824219,3.61981201171875,-24.0765438079834
0.18818068504333496,50,-0.01606230071047321,0.5850261077284813,0.5852465670365357,-0.13064705999568105,7.548883557319641,-0.07018497586250305,-0.390302449464798,0.9432114958763123,16.669124603271484,2.0759358406066895,-3.8601484298706055,-51.91484069824219,3.61981201171875,-24.0765438079834
0.19890546798706055,50,-0.01606230071047321,0.5850261077284813,0.5852465670365357,-0.13064705999568105,7.548883557319641,-0.07018497586250305,-0.390302449464798,0.9432114958763123,16.669124603271484,2.0759358406066895,-3.8601484298706055,-51.91484069824219,3.61981201171875,-24.0765438079834
0.20930075645446777,50,-0.01606230071047321,0.5850261077284813,0.5852465670365357,-0.13064705999568105,7.548883557319641,-0.07018497586250305,-0.390302449464798,0.9432114958763123,16.669124603271484,2.0759358406066895,-3.8601484298706055,-51.91484069824219,3.61981201171875,-24.0765438079834
0.21971845626831055,50,-0.01606230071047321,0.5850261077284813,0.5852465670365357,-0.13064705999568105,7.548883557319641,-0.07018497586250305,-0.390302449464798,0.9432114958763123,16.669124603271484,2.0759358406066895,-3.8601484298706055,-51.91484069824219,3.61981201171875,-24.0765438079834
0.2299809455871582,50,-0.01606230071047321,0.5850261077284813,0.5852465670365357,-0.13064705999568105,7.548883557319641,-0.07018497586250305,-0.390302449464798,0.9432114958763123,16.669124603271484,2.0759358406066895,-3.8601484298706055,-51.91484069824219,3.61981201171875,-24.0765438079834
0.24025511741638184,50,-0.01606230071047321,0.5850261077284813,0.5852465670365357,-0.13064705999568105,7.548883557319641,-0.07018497586250305,-0.390302449464798,0.9432114958763123,16.669124603271484,2.0759358406066895,-3.8601484298706055,-51.91484069824219,3.61981201171875,-24.0765438079834
0.2506380081176758,50,-0.01606230071047321,0.5850261077284813,0.5852465670365357,-0.13064705999568105,7.548883557319641,-0.07018497586250305,-0.390302449464798,0.9432114958763123,16.669124603271484,2.0759358406066895,-3.8601484298706055,-51.91484069824219,3.61981201171875,-24.0765438079834
0.2611198425292969,50,-0.01606230071047321,0.5850261077284813,0.5852465670365357,-0.13064705999568105,7.548883557319641,-0.07018497586250305,-0.390302449464798,0.9432114958763123,16.669124603271484,2.0759358406066895,-3.8601484298706055,-51.91484069824219,3.61981201171875,-24.0765438079834
0.271700382232666,50,-0.01606230071047321,0.5850261077284813,0.5852465670365357,-0.13064705999568105,7.548883557319641,-0.07018497586250305,-0.390302449464798,0.9432114958763123,16.669124603271484,2.0759358406066895,-3.8601484298706055,-51.91484069824219,3.61981201171875,-24.0765438079834
0.2818334102630615,50,-0.01606230071047321,0.5850261077284813,0.5852465670365357,-0.13064705999568105,7.548883557319641,-0.07018497586250305,-0.390302449464798,0.9432114958763123,16.669124603271484,2.0759358406066895,-3.8601484298706055,-51.91484069824219,3.61981201171875,-24.0765438079834
0.29224538803100586,50,-0.045584686449728906,1.722479797899723,1.7230828818752135,-0.25121700018644333,8.489948511123657,-0.07865336537361145,-0.35872742533683777,0.8683353066444397,24.191194534301758,2.229701042175293,-3.6099047660827637,-88.50627899169922,-1.3732309341430664,-5.953654766082764
0.3024928569793701,50,-0.045584686449728906,1.722479797899723,1.7230828818752135,-0.25121700018644333,8.489948511123657,-0.07865336537361145,-0.35872742533683777,0.8683353066444397,24.191194534301758,2.229701042175293,-3.6099047660827637,-88.50627899169922,-1.3732309341430664,-5.953654766082764
0.3128938674926758,50,-0.045584686449728906,1.722479797899723,1.7230828818752135,-0.25121700018644333,8.489948511123657,-0.07865336537361145,-0.35872742533683777,0.8683353066444397,24.191194534301758,2.229701042175293,-3.6099047660827637,-88.50627899169922,-1.3732309341430664,-5.953654766082764
0.3235454559326172,50,-0.045584686449728906,1.722479797899723,1.7230828818752135,-0.25121700018644333,8.489948511123657,-0.07865336537361145,-0.35872742533683777,0.8683353066444397,24.191194534301758,2.229701042175293,-3.6099047660827637,-88.50627899169922,-1.3732309341430664,-5.953654766082764
0.33386707305908203,50,-0.045584686449728906,1.722479797899723,1.7230828818752135,-0.25121700018644333,8.489948511123657,-0.07865336537361145,-0.35872742533683777,0.8683353066444397,24.191194534301758,2.229701042175293,-3.6099047660827637,-88.50627899169922,-1.3732309341430664,-5.953654766082764
0.3442189693450928,50,-0.045584686449728906,1.722479797899723,1.7230828818752135,-0.25121700018644333,8.489948511123657,-0.07865336537361145,-0.35872742533683777,0.8683353066444397,24.191194534301758,2.229701042175293,-3.6099047660827637,-88.50627899169922,-1.3732309341430664,-5.953654766082764
0.3545703887939453,50,-0.045584686449728906,1.722479797899723,1.7230828818752135,-0.25121700018644333,8.489948511123657,-0.07865336537361145,-0.35872742533683777,0.8683353066444397,24.191194534301758,2.229701042175293,-3.6099047660827637,-88.50627899169922,-1.3732309341430664,-5.953654766082764
0.3650386333465576,50,-0.045584686449728906,1.722479797899723,1.7230828818752135,-0.25121700018644333,8.489948511123657,-0.07865336537361145,-0.35872742533683777,0.8683353066444397,24.191194534301758,2.229701042175293,-3.6099047660827637,-88.50627899169922,-1.3732309341430664,-5.953654766082764
0.37531423568725586,50,-0.045584686449728906,1.722479797899723,1.7230828818752135,-0.25121700018644333,8.489948511123657,-0.07865336537361145,-0.35872742533683777,0.8683353066444397,24.191194534301758,2.229701042175293,-3.6099047660827637,-88.50627899169922,-1.3732309341430664,-5.953654766082764
0.38578104972839355,50,-0.045584686449728906,1.722479797899723,1.7230828818752135,-0.25121700018644333,8.489948511123657,-0.07865336537361145,-0.35872742533683777,0.8683353066444397,24.191194534301758,2.229701042175293,-3.6099047660827637,-88.50627899169922,-1.3732309341430664,-5.953654766082764
0.3962373733520508,50,-0.045584686449728906,1.722479797899723,1.7230828818752135,-0.25121700018644333,8.489948511123657,-0.07865336537361145,-0.35872742533683777,0.8683353066444397,24.191194534301758,2.229701042175293,-3.6099047660827637,-88.50627899169922,-1.3732309341430664,-5.953654766082764
0.40660810470581055,50,-0.045584686449728906,1.722479797899723,1.7230828818752135,-0.25121700018644333,8.489948511123657,-0.07865336537361145,-0.35872742533683777,0.8683353066444397,24.191194534301758,2.229701042175293,-3.6099047660827637,-88.50627899169922,-1.3732309341430664,-5.953654766082764
0.41695189476013184,50,-0.045584686449728906,1.722479797899723,1.7230828818752135,-0.25121700018644333,8.489948511123657,-0.07865336537361145,-0.35872742533683777,0.8683353066444397,24.191194534301758,2.229701042175293,-3.6099047660827637,-88.50627899169922,-1.3732309341430664,-5.953654766082764
0.42786288261413574,50,-0.045584686449728906,1.722479797899723,1.7230828818752135,-0.25121700018644333,8.489948511123657,-0.07865336537361145,-0.35872742533683777,0.8683353066444397,24.191194534301758,2.229701042175293,-3.6099047660827637,-88.50627899169922,-1.3732309341430664,-5.953654766082764
0.4383566379547119,50,-0.06804841686971486,2.9184306040406227,2.9192238313701453,-0.2129761502146721,6.199831143021584,-0.05228358134627342,-0.5550604462623596,0.8362503051757812,34.11113357543945,1.9763072729110718,-3.2398340702056885,-15.835699081420898,-3.026052951812744,-4.597784519195557
0.4488382339477539,50,-0.06804841686971486,2.9184306040406227,2.9192238313701453,-0.2129761502146721,6.199831143021584,-0.05228358134627342,-0.5550604462623596,0.8362503051757812,34.11113357543945,1.9763072729110718,-3.2398340702056885,-15.835699081420898,-3.026052951812744,-4.597784519195557
0.45924997329711914,50,-0.06804841686971486,2.9184306040406227,2.9192238313701453,-0.2129761502146721,6.199831143021584,-0.05228358134627342,-0.5550604462623596,0.8362503051757812,34.11113357543945,1.9763072729110718,-3.2398340702056885,-15.835699081420898,-3.026052951812744,-4.597784519195557
0.4695608615875244,50,-0.06804841686971486,2.9184306040406227,2.9192238313701453,-0.2129761502146721,6.199831143021584,-0.05228358134627342,-0.5550604462623596,0.8362503051757812,34.11113357543945,1.9763072729110718,-3.2398340702056885,-15.835699081420898,-3.026052951812744,-4.597784519195557
0.4799816608428955,50,-0.06804841686971486,2.9184306040406227,2.9192238313701453,-0.2129761502146721,6.199831143021584,-0.05228358134627342,-0.5550604462623596,0.8362503051757812,34.11113357543945,1.9763072729110718,-3.2398340702056885,-15.835699081420898,-3.026052951812744,-4.597784519195557
0.4903891086578369,50,-0.06804841686971486,2.9184306040406227,2.9192238313701453,-0.2129761502146721,6.199831143021584,-0.05228358134627342,-0.5550604462623596,0.8362503051757812,34.11113357543945,1.9763072729110718,-3.2398340702056885,-15.835699081420898,-3.026052951812744,-4.597784519195557
0.5006730556488037,50,-0.06804841686971486,2.9184306040406227,2.9192238313701453,-0.2129761502146721,6.199831143021584,-0.05228358134627342,-0.5550604462623596,0.8362503051757812,34.11113357543945,1.9763072729110718,-3.2398340702056885,-15.835699081420898,-3.026052951812744,-4.597784519195557
0.5110797882080078,50,-0.06804841686971486,2.9184306040406227,2.9192238313701453,-0.2129761502146721,6.199831143021584,-0.05228358134627342,-0.5550604462623596,0.8362503051757812,34.11113357543945,1.9763072729110718,-3.2398340702056885,-15.835699081420898,-3.026052951812744,-4.597784519195557
0.5214910507202148,50,-0.06804841686971486,2.9184306040406227,2.9192238313701453,-0.2129761502146721,6.199831143021584,-0.05228358134627342,-0.5550604462623596,0.8362503051757812,34.11113357543945,1.9763072729110718,-3.2398340702056885,-15.835699081420898,-3.026052951812744,-4.597784519195557
0.5317628383636475,50,-0.06804841686971486,2.9184306040406227,2.9192238313701453,-0.2129761502146721,6.199831143021584,-0.05228358134627342,-0.5550604462623596,0.8362503051757812,34.11113357543945,1.9763072729110718,-3.2398340702056885,-15.835699081420898,-3.026052951812744,-4.597784519195557
0.5422003269195557,50,-0.06804841686971486,2.9184306040406227,2.9192238313701453,-0.2129761502146721,6.199831143021584,-0.05228358134627342,-0.5550604462623596,0.8362503051757812,34.11113357543945,1.9763072729110718,-3.2398340702056885,-15.835699081420898,-3.026052951812744,-4.597784519195557
0.5525696277618408,50,-0.06804841686971486,2.9184306040406227,2.9192238313701453,-0.2129761502146721,6.199831143021584,-0.05228358134627342,-0.5550604462623596,0.8362503051757812,34.11113357543945,1.9763072729110718,-3.2398340702056885,-15.835699081420898,-3.026052951812744,-4.597784519195557
0.5631165504455566,50,-0.06804841686971486,2.9184306040406227,2.9192238313701453,-0.2129761502146721,6.199831143021584,-0.05228358134627342,-0.5550604462623596,0.8362503051757812,34.11113357543945,1.9763072729110718,-3.2398340702056885,-15.835699081420898,-3.026052951812744,-4.597784519195557
0.5737183094024658,50,-0.06804841686971486,2.9184306040406227,2.9192238313701453,-0.2129761502146721,6.199831143021584,-0.05228358134627342,-0.5550604462623596,0.8362503051757812,34.11113357543945,1.9763072729110718,-3.2398340702056885,-15.835699081420898,-3.026052951812744,-4.597784519195557
0.5839929580688477,50,-0.06804841686971486,2.9184306040406227,2.9192238313701453,-0.2129761502146721,6.199831143021584,-0.05228358134627342,-0.5550604462623596,0.8362503051757812,34.11113357543945,1.9763072729110718,-3.2398340702056885,-15.835699081420898,-3.026052951812744,-4.597784519195557
0.5942330360412598,50,-0.06804841686971486,2.9184306040406227,2.9192238313701453,-0.2129761502146721,6.199831143021584,-0.05228358134627342,-0.5550604462623596,0.8362503051757812,34.11113357543945,1.9763072729110718,-3.2398340702056885,-15.835699081420898,-3.026052951812744,-4.597784519195557
0.6045248508453369,50,-0.09017281117849052,3.9720769971609116,3.9731004023622,-0.06978513556532562,12.49682828783989,-0.06319276988506317,-0.6411152482032776,0.6503100395202637,39.463653564453125,1.6619491577148438,-2.814272403717041,-57.97979736328125,1.8124175071716309,-11.773420333862305
0.6147913932800293,50,-0.09017281117849052,3.9720769971609116,3.9731004023622,-0.06978513556532562,12.49682828783989,-0.06319276988506317,-0.6411152482032776,0.6503100395202637,39.463653564453125,1.6619491577148438,-2.814272403717041,-57.97979736328125,1.8124175071716309,-11.773420333862305
0.6252651214599609,50,-0.09017281117849052,3.9720769971609116,3.9731004023622,-0.06978513556532562,12.49682828783989,-0.06319276988506317,-0.6411152482032776,0.6503100395202637,39.463653564453125,1.6619491577148438,-2.814272403717041,-57.97979736328125,1.8124175071716309,-11.773420333862305
0.6358540058135986,50,-0.09017281117849052,3.9720769971609116,3.9731004023622,-0.06978513556532562,12.49682828783989,-0.06319276988506317,-0.6411152482032776,0.6503100395202637,39.463653564453125,1.6619491577148438,-2.814272403717041,-57.97979736328125,1.8124175071716309,-11.773420333862305
0.6465232372283936,50,-0.09017281117849052,3.9720769971609116,3.9731004023622,-0.06978513556532562,12.49682828783989,-0.06319276988506317,-0.6411152482032776,0.6503100395202637,39.463653564453125,1.6619491577148438,-2.814272403717041,-57.97979736328125,1.8124175071716309,-11.773420333862305
0.657024621963501,50,-0.09017281117849052,3.9720769971609116,3.9731004023622,-0.06978513556532562,12.49682828783989,-0.06319276988506317,-0.6411152482032776,0.6503100395202637,39.463653564453125,1.6619491577148438,-2.814272403717041,-57.97979736328125,1.8124175071716309,-11.773420333862305
0.66750168800354,50,-0.09017281117849052,3.9720769971609116,3.9731004023622,-0.06978513556532562,12.49682828783989,-0.06319276988506317,-0.6411152482032776,0.6503100395202637,39.463653564453125,1.6619491577148438,-2.814272403717041,-57.97979736328125,1.8124175071716309,-11.773420333862305
0.6778357028961182,50,-0.09017281117849052,3.9720769971609116,3.9731004023622,-0.06978513556532562,12.49682828783989,-0.06319276988506317,-0.6411152482032776,0.6503100395202637,39.463653564453125,1.6619491577148438,-2.814272403717041,-57.97979736328125,1.8124175071716309,-11.773420333862305
0.6882529258728027,50,-0.09017281117849052,3.9720769971609116,3.9731004023622,-0.06978513556532562,12.49682828783989,-0.06319276988506317,-0.6411152482032776,0.6503100395202637,39.463653564453125,1.6619491577148438,-2.814272403717041,-57.97979736328125,1.8124175071716309,-11.773420333862305
0.698509693145752,50,-0.09017281117849052,3.9720769971609116,3.9731004023622,-0.06978513556532562,12.49682828783989,-0.06319276988506317,-0.6411152482032776,0.6503100395202637,39.463653564453125,1.6619491577148438,-2.814272403717041,-57.97979736328125,1.8124175071716309,-11.773420333862305
0.7087855339050293,50,-0.09017281117849052,3.9720769971609116,3.9731004023622,-0.06978513556532562,12.49682828783989,-0.06319276988506317,-0.6411152482032776,0.6503100395202637,39.463653564453125,1.6619491577148438,-2.814272403717041,-57.97979736328125,1.8124175071716309,-11.773420333862305
0.7193474769592285,50,-0.09017281117849052,3.9720769971609116,3.9731004023622,-0.06978513556532562,12.49682828783989,-0.06319276988506317,-0.6411152482032776,0.6503100395202637,39.463653564453125,1.6619491577148438,-2.814272403717041,-57.97979736328125,1.8124175071716309,-11.773420333862305
0.7296721935272217,50,-0.09017281117849052,3.9720769971609116,3.9731004023622,-0.06978513556532562,12.49682828783989,-0.06319276988506317,-0.6411152482032776,0.6503100395202637,39.463653564453125,1.6619491577148438,-2.814272403717041,-57.97979736328125,1.8124175071716309,-11.773420333862305
0.7402935028076172,50,-0.09017281117849052,3.9720769971609116,3.9731004023622,-0.06978513556532562,12.49682828783989,-0.06319276988506317,-0.6411152482032776,0.6503100395202637,39.463653564453125,1.6619491577148438,-2.814272403717041,-57.97979736328125,1.8124175071716309,-11.773420333862305
0.7506332397460938,50,-0.09017281117849052,3.9720769971609116,3.9731004023622,-0.06978513556532562,12.49682828783989,-0.06319276988506317,-0.6411152482032776,0.6503100395202637,39.463653564453125,1.6619491577148438,-2.814272403717041,-57.97979736328125,1.8124175071716309,-11.773420333862305
0.7609095573425293,50,-0.09017281117849052,3.9720769971609116,3.9731004023622,-0.06978513556532562,12.49682828783989,-0.06319276988506317,-0.6411152482032776,0.6503100395202637,39.463653564453125,1.6619491577148438,-2.814272403717041,-57.97979736328125,1.8124175071716309,-11.773420333862305
0.7716748714447021,50,-0.13390746898949146,5.099357292056084,5.101115172420314,-0.045797930215485394,2.0785899832844734,0.008008720353245735,-0.6453827023506165,0.8527740240097046,35.249996185302734,1.244583249092102,-1.7724155187606812,123.98004913330078,-0.5649170279502869,-14.865516662597656
0.7819883823394775,50,-0.13390746898949146,5.099357292056084,5.101115172420314,-0.045797930215485394,2.0785899832844734,0.008008720353245735,-0.6453827023506165,0.8527740240097046,35.249996185302734,1.244583249092102,-1.7724155187606812,123.98004913330078,-0.5649170279502869,-14.865516662597656
0.7924630641937256,50,-0.13390746898949146,5.099357292056084,5.101115172420314,-0.045797930215485394,2.0785899832844734,0.008008720353245735,-0.6453827023506165,0.8527740240097046,35.249996185302734,1.244583249092102,-1.7724155187606812,123.98004913330078,-0.5649170279502869,-14.865516662597656
0.8029823303222656,50,-0.13390746898949146,5.099357292056084,5.101115172420314,-0.045797930215485394,2.0785899832844734,0.008008720353245735,-0.6453827023506165,0.8527740240097046,35.249996185302734,1.244583249092102,-1.7724155187606812,123.98004913330078,-0.5649170279502869,-14.865516662597656
0.8132402896881104,50,-0.13390746898949146,5.099357292056084,5.101115172420314,-0.045797930215485394,2.0785899832844734,0.008008720353245735,-0.6453827023506165,0.8527740240097046,35.249996185302734,1.244583249092102,-1.7724155187606812,123.98004913330078,-0.5649170279502869,-14.865516662597656
0.823467493057251,50,-0.13390746898949146,5.099357292056084,5.101115172420314,-0.045797930215485394,2.0785899832844734,0.008008720353245735,-0.6453827023506165,0.8527740240097046,35.249996185302734,1.244583249092102,-1.7724155187606812,123.98004913330078,-0.5649170279502869,-14.865516662597656
0.8338139057159424,50,-0.13390746898949146,5.099357292056084,5.101115172420314,-0.045797930215485394,2.0785899832844734,0.008008720353245735,-0.6453827023506165,0.8527740240097046,35.249996185302734,1.244583249092102,-1.7724155187606812,123.98004913330078,-0.5649170279502869,-14.865516662597656
0.8442559242248535,50,-0.13390746898949146,5.099357292056084,5.101115172420314,-0.045797930215485394,2.0785899832844734,0.008008720353245735,-0.6453827023506165,0.8527740240097046,35.249996185302734,1.244583249092102,-1.7724155187606812,123.98004913330078,-0.5649170279502869,-14.865516662597656
0.85463547706604,50,-0.13390746898949146,5.099357292056084,5.101115172420314,-0.045797930215485394,2.0785899832844734,0.008008720353245735,-0.6453827023506165,0.8527740240097046,35.249996185302734,1.244583249092102,-1.7724155187606812,123.98004913330078,-0.5649170279502869,-14.865516662597656
0.8649106025695801,50,-0.13390746898949146,5.099357292056084,5.101115172420314,-0.045797930215485394,2.0785899832844734,0.008008720353245735,-0.6453827023506165,0.8527740240097046,35.249996185302734,1.244583249092102,-1.7724155187606812,123.98004913330078,-0.5649170279502869,-14.865516662597656
0.875192403793335,50,-0.13390746898949146,5.099357292056084,5.101115172420314,-0.045797930215485394,2.0785899832844734,0.008008720353245735,-0.6453827023506165,0.8527740240097046,35.249996185302734,1.244583249092102,-1.7724155187606812,123.98004913330078,-0.5649170279502869,-14.865516662597656
0.8854758739471436,50,-0.13390746898949146,5.099357292056084,5.101115172420314,-0.045797930215485394,2.0785899832844734,0.008008720353245735,-0.6453827023506165,0.8527740240097046,35.249996185302734,1.244583249092102,-1.7724155187606812,123.98004913330078,-0.5649170279502869,-14.865516662597656
0.8958256244659424,50,-0.13390746898949146,5.099357292056084,5.101115172420314,-0.045797930215485394,2.0785899832844734,0.008008720353245735,-0.6453827023506165,0.8527740240097046,35.249996185302734,1.244583249092102,-1.7724155187606812,123.98004913330078,-0.5649170279502869,-14.865516662597656
0.906198263168335,50,-0.13390746898949146,5.099357292056084,5.101115172420314,-0.045797930215485394,2.0785899832844734,0.008008720353245735,-0.6453827023506165,0.8527740240097046,35.249996185302734,1.244583249092102,-1.7724155187606812,123.98004913330078,-0.5649170279502869,-14.865516662597656
0.9167318344116211,50,-0.12218233896419406,6.888891011476517,6.889974447844978,-0.029597579850815237,18.189632892608643,-0.03148887678980827,-0.35481175780296326,0.9008803963661194,23.288715362548828,1.5745391845703125,-3.266223907470703,16.80081558227539,10.260948181152344,26.99503517150879
0.9271359443664551,50,-0.12218233896419406,6.888891011476517,6.889974447844978,-0.029597579850815237,18.189632892608643,-0.03148887678980827,-0.35481175780296326,0.9008803963661194,23.288715362548828,1.5745391845703125,-3.266223907470703,16.80081558227539,10.260948181152344,26.99503517150879
0.9375567436218262,50,-0.12218233896419406,6.888891011476517,6.889974447844978,-0.029597579850815237,18.189632892608643,-0.03148887678980827,-0.35481175780296326,0.9008803963661194,23.288715362548828,1.5745391845703125,-3.266223907470703,16.80081558227539,10.260948181152344,26.99503517150879
0.9482979774475098,50,-0.12218233896419406,6.888891011476517,6.889974447844978,-0.029597579850815237,18.189632892608643,-0.03148887678980827,-0.35481175780296326,0.9008803963661194,23.288715362548828,1.5745391845703125,-3.266223907470703,16.80081558227539,10.260948181152344,26.99503517150879
0.9589402675628662,50,-0.12218233896419406,6.888891011476517,6.889974447844978,-0.029597579850815237,18.189632892608643,-0.03148887678980827,-0.35481175780296326,0.9008803963661194,23.288715362548828,1.5745391845703125,-3.266223907470703,16.80081558227539,10.260948181152344,26.99503517150879
0.9692502021789551,50,-0.12218233896419406,6.888891011476517,6.889974447844978,-0.029597579850815237,18.189632892608643,-0.03148887678980827,-0.35481175780296326,0.9008803963661194,23.288715362548828,1.5745391845703125,-3.266223907470703,16.80081558227539,10.260948181152344,26.99503517150879
0.9796020984649658,50,-0.12218233896419406,6.888891011476517,6.889974447844978,-0.029597579850815237,18.189632892608643,-0.03148887678980827,-0.35481175780296326,0.9008803963661194,23.288715362548828,1.5745391845703125,-3.266223907470703,16.80081558227539,10.260948181152344,26.99503517150879
0.9899404048919678,50,-0.12218233896419406,6.888891011476517,6.889974447844978,-0.029597579850815237,18.189632892608643,-0.03148887678980827,-0.35481175780296326,0.9008803963661194,23.288715362548828,1.5745391845703125,-3.266223907470703,16.80081558227539,10.260948181152344,26.99503517150879
1.0001418590545654,50,-0.12218233896419406,6.888891011476517,6.889974447844978,-0.029597579850815237,18.189632892608643,-0.03148887678980827,-0.35481175780296326,0.9008803963661194,23.288715362548828,1.5745391845703125,-3.266223907470703,16.80081558227539,10.260948181152344,26.99503517150879
1.0104236602783203,50,-0.12218233896419406,6.888891011476517,6.889974447844978,-0.029597579850815237,18.189632892608643,-0.03148887678980827,-0.35481175780296326,0.9008803963661194,23.288715362548828,1.5745391845703125,-3.266223907470703,16.80081558227539,10.260948181152344,26.99503517150879
1.020944595336914,50,-0.12218233896419406,6.888891011476517,6.889974447844978,-0.029597579850815237,18.189632892608643,-0.03148887678980827,-0.35481175780296326,0.9008803963661194,23.288715362548828,1.5745391845703125,-3.266223907470703,16.80081558227539,10.260948181152344,26.99503517150879
1.031620740890503,50,-0.12218233896419406,6.888891011476517,6.889974447844978,-0.029597579850815237,18.189632892608643,-0.03148887678980827,-0.35481175780296326,0.9008803963661194,23.288715362548828,1.5745391845703125,-3.266223907470703,16.80081558227539,10.260948181152344,26.99503517150879
1.0419681072235107,50,-0.12218233896419406,6.888891011476517,6.889974447844978,-0.029597579850815237,18.189632892608643,-0.03148887678980827,-0.35481175780296326,0.9008803963661194,23.288715362548828,1.5745391845703125,-3.266223907470703,16.80081558227539,10.260948181152344,26.99503517150879
1.0523874759674072,50,-0.12218233896419406,6.888891011476517,6.889974447844978,-0.029597579850815237,18.189632892608643,-0.03148887678980827,-0.35481175780296326,0.9008803963661194,23.288715362548828,1.5745391845703125,-3.266223907470703,16.80081558227539,10.260948181152344,26.99503517150879
1.062699556350708,50,-0.20205082837492228,9.606384485960007,9.60850911584831,-0.6993069779127836,20.81311196088791,-0.08492498099803925,0.09661778062582016,1.0441868305206299,13.024236679077148,2.027515411376953,-3.094104766845703,81.51232147216797,-6.390660762786865,-3.316284656524658
1.073573112487793,50,-0.20205082837492228,9.606384485960007,9.60850911584831,-0.6993069779127836,20.81311196088791,-0.08492498099803925,0.09661778062582016,1.0441868305206299,13.024236679077148,2.027515411376953,-3.094104766845703,81.51232147216797,-6.390660762786865,-3.316284656524658
1.0839464664459229,50,-0.20205082837492228,9.606384485960007,9.60850911584831,-0.6993069779127836,20.81311196088791,-0.08492498099803925,0.09661778062582016,1.0441868305206299,13.024236679077148,2.027515411376953,-3.094104766845703,81.51232147216797,-6.390660762786865,-3.316284656524658
1.0941874980926514,50,-0.20205082837492228,9.606384485960007,9.60850911584831,-0.6993069779127836,20.81311196088791,-0.08492498099803925,0.09661778062582016,1.0441868305206299,13.024236679077148,2.027515411376953,-3.094104766845703,81.51232147216797,-6.390660762786865,-3.316284656524658
