epoch,t,x_g,y_g,ax_ms2,ay_ms2,vx,vy,px,py,loc_x,loc_y,sph_vx,sph_vy,gyro_z,yaw
1790728120.5865226,0.0,0.009319170378148556,-0.1802978664636612,0.057470844415761536,0.025862362007796645,0.0,0.0,0.0,0.0,0.004257884211256169,0.02230932004749775,-0.0003587997298382106,0.002467671401973348,0.0,-0.07351476699113846
1790728120.6174407,0.030918121337890625,0.009319170378148556,-0.1802978664636612,0.057470844415761536,0.025862362007796645,0.0017768905410375491,0.0007996156466415093,5.493811735194906e-05,2.472261358653806e-05,0.004257884211256169,0.02230932004749775,-0.0003587997298382106,0.002467671401973348,0.0,-0.07351476699113846
1790728120.6479242,0.0614016056060791,0.009319170378148556,-0.1802978664636612,0.057470844415761536,0.025862362007796645,0.0035288021226649235,0.0015879905520443736,0.00016250830134375535,7.313009859781466e-05,0.004257884211256169,0.02230932004749775,-0.0003587997298382106,0.002467671401973348,0.0,-0.07351476699113846
1790728120.6787283,0.09220576286315918,0.009319170378148556,-0.1802978664636612,0.057470844415761536,0.025862362007796645,0.0052991430517452245,0.0023846588183720745,0.00032574393723747846,0.0001465875038434308,0.004257884211256169,0.02230932004749775,-0.0003587997298382106,0.002467671401973348,0.0,-0.07351476699113846
1790728120.7089658,0.12244319915771484,0.009319170378148556,-0.1802978664636612,0.057470844415761536,0.025862362007796645,0.007036914048561134,0.003166670342009562,0.0005385221774911095,0.00024233949657580372,0.004257884211256169,0.02230932004749775,-0.0003587997298382106,0.002467671401973348,0.0,-0.07351476699113846
1790728120.7391968,0.15267419815063477,0.009319170378148556,-0.1802978664636612,0.057470844415761536,0.025862362007796645,0.00877431508821628,0.003948515381821793,0.000803778488086538,0.00036170706110718714,0.004257884211256169,0.02230932004749775,-0.0003587997298382106,0.002467671401973348,0.0,-0.07351476699113846
1790728120.769728,0.18320536613464355,-0.006203727796673775,-0.19993574917316437,-0.09480878667924554,-0.1667852673724295,0.005879692095752179,-0.0011436336335836723,0.0009832923551561965,0.0003267905905280817,0.0038152193155838177,0.09277390781790018,-0.012130497634643689,2.8362683951854706,10.821704864501953,0.27221250534057617
1790728120.8000088,0.2134861946105957,-0.006203727796673775,-0.19993574917316437,-0.09480878667924554,-0.1667852673724295,0.003008803488304808,-0.006194029707204028,0.001074401417503401,0.00013923023938928442,0.0038152193155838177,0.09277390781790018,-0.012130497634643689,2.8362683951854706,10.821704864501953,0.27221250534057617
1790728120.8303728,0.2438502311706543,-0.006203727796673775,-0.19993574917316437,-0.09480878667924554,-0.1667852673724295,0.00013002602336140015,-0.011258303663379625,0.0010783495324305056,-0.00020261730464981608,0.0038152193155838177,0.09277390781790018,-0.012130497634643689,2.8362683951854706,10.821704864501953,0.27221250534057617
1790728120.8609905,0.27446794509887695,-0.006203727796673775,-0.19993574917316437,-0.09480878667924554,-0.1667852673724295,-0.0027728022850656265,-0.016364887267230798,0.0009934526652868442,-0.0007036727414655021,0.0038152193155838177,0.09277390781790018,-0.012130497634643689,2.8362683951854706,10.821704864501953,0.27221250534057617
1790728120.8917189,0.30519628524780273,-0.006203727796673775,-0.19993574917316437,-0.09480878667924554,-0.1667852673724295,-0.005686118931252427,-0.021489921694880343,0.0008187276686400733,-0.001364022365079565,0.0038152193155838177,0.09277390781790018,-0.012130497634643689,2.8362683951854706,10.821704864501953,0.27221250534057617
1790728120.9220479,0.3355252742767334,-0.006203727796673775,-0.19993574917316437,-0.09480878667924554,-0.1667852673724295,-0.008561573582293492,-0.026548350239206025,0.0005590637973923114,-0.0021692069882206532,0.0038152193155838177,0.09277390781790018,-0.012130497634643689,2.8362683951854706,10.821704864501953,0.27221250534057617
1790728120.952666,0.36614346504211426,-0.059390924870967865,-0.4624219536781311,-0.6165751899780706,-2.7417749335661536,-0.027439990370243,-0.11049653819087395,-0.00028109906236400257,-0.005552411073463023,-7.56357607656355e-06,2.2149939090013504,-0.09038156131282449,7.235407084226608,4.314322471618652,0.7953777313232422
1790728120.983075,0.39655232429504395,-0.059390924870967865,-0.4624219536781311,-0.6165751899780706,-2.7417749335661536,-0.046189338541134536,-0.19387078624889775,-0.0016856641570472833,-0.011447800525760572,-7.56357607656355e-06,2.2149939090013504,-0.09038156131282449,7.235407084226608,4.314322471618652,0.7953777313232422
1790728121.0138574,0.4273347854614258,-0.059390924870967865,-0.4624219536781311,-0.6165751899780706,-2.7417749335661536,-0.06516904038278899,-0.278269366668357,-0.0036917276118808547,-0.02001361649902294,-7.56357607656355e-06,2.2149939090013504,-0.09038156131282449,7.235407084226608,4.314322471618652,0.7953777313232422
1790728121.047044,0.4605214595794678,-0.059390924870967865,-0.4624219536781311,-0.6165751899780706,-2.7417749335661536,-0.08563112028186105,-0.3692597578936332,-0.006533539695037834,-0.03226811974914603,-7.56357607656355e-06,2.2149939090013504,-0.09038156131282449,7.235407084226608,4.314322471618652,0.7953777313232422
1790728121.0790582,0.4925355911254883,-0.09834592789411545,-0.4930870234966278,-0.9987237696351484,-3.0425992684856062,-0.11760439442109819,-0.46666593111675714,-0.010298542248424952,-0.047208024255964036,0.01824907958507538,4.246536269783974,0.04671950591728091,16.789382696151733,4.141417503356934,0.5307748317718506
1790728121.109447,0.5229244232177734,-0.09834592789411545,-0.4930870234966278,-0.9987237696351484,-3.0425992684856062,-0.14795444336311478,-0.5591269694108758,-0.014794704985094161,-0.0641992398476594,0.01824907958507538,4.246536269783974,0.04671950591728091,16.789382696151733,4.141417503356934,0.5307748317718506
1790728121.1405008,0.5539782047271729,-0.09834592789411545,-0.4930870234966278,-0.9987237696351484,-3.0425992684856062,-0.17896859309360844,-0.6536111823150863,-0.020352356572067687,-0.08449633869537232,0.01824907958507538,4.246536269783974,0.04671950591728091,16.789382696151733,4.141417503356934,0.5307748317718506
1790728121.171454,0.5849313735961914,-0.09834592789411545,-0.4930870234966278,-0.9987237696351484,-3.0425992684856062,-0.20988225858862797,-0.7477892712732737,-0.026848877564772507,-0.10764278628753429,0.01824907958507538,4.246536269783974,0.04671950591728091,16.789382696151733,4.141417503356934,0.5307748317718506
1790728121.2017083,0.6151857376098633,-0.09834592789411545,-0.4930870234966278,-0.9987237696351484,-3.0425992684856062,-0.2400980110642763,-0.8398411770897689,-0.03411289019046974,-0.13305164697287883,0.01824907958507538,4.246536269783974,0.04671950591728091,16.789382696151733,4.141417503356934,0.5307748317718506
1790728121.231885,0.645362377166748,-0.024261130020022392,-0.4200187623500824,-0.2719519024902955,-2.3257996266379957,-0.24830460560253503,-0.9100259941043609,-0.041605888774051865,-0.16051317338436186,0.035080526140518486,6.8900033831596375,0.20021265372633934,25.393107533454895,10.977152824401855,0.1346503049135208
1790728121.262427,0.6759045124053955,-0.024261130020022392,-0.4200187623500824,-0.2719519024902955,-2.3257996266379957,-0.2566105973868011,-0.9810608808391343,-0.04944332434310966,-0.1904768674842973,0.035080526140518486,6.8900033831596375,0.20021265372633934,25.393107533454895,10.977152824401855,0.1346503049135208
1790728121.2951946,0.708672046661377,-0.024261130020022392,-0.4200187623500824,-0.2719519024902955,-2.3257996266379957,-0.26552179066763115,-1.0572715997775437,-0.058143818714520804,-0.22512105084788425,0.035080526140518486,6.8900033831596375,0.20021265372633934,25.393107533454895,10.977152824401855,0.1346503049135208
1790728121.3266814,0.7401587963104248,-0.024261130020022392,-0.4200187623500824,-0.2719519024902955,-2.3257996266379957,-0.27408467213792537,-1.1305034703553432,-0.06677385416876902,-0.2607169305963427,0.035080526140518486,6.8900033831596375,0.20021265372633934,25.393107533454895,10.977152824401855,0.1346503049135208
1790728121.3578668,0.7713441848754883,-0.024261130020022392,-0.4200187623500824,-0.2719519024902955,-2.3257996266379957,-0.2825655978880935,-1.2030344354365285,-0.0755857721340287,-0.2982340269225826,0.035080526140518486,6.8900033831596375,0.20021265372633934,25.393107533454895,10.977152824401855,0.1346503049135208
1790728121.3883946,0.8018720149993896,-0.024261130020022392,-0.4200187623500824,-0.2719519024902955,-2.3257996266379957,-0.290867699369189,-1.2740360513407665,-0.08446533184890131,-0.33712758306963964,0.035080526140518486,6.8900033831596375,0.20021265372633934,25.393107533454895,10.977152824401855,0.1346503049135208
1790728121.4186375,0.8321149349212646,-0.050594232976436615,-0.3832215368747711,-0.5302796424927191,-1.9648188447251917,-0.3069049041332968,-1.3334579103227815,-0.09374703228823533,-0.37745524387072227,0.03592033754102886,10.16790196299553,0.02167710626963526,14.71506953239441,6.700320243835449,-0.15644356608390808
1790728121.4487314,0.8622088432312012,-0.050594232976436615,-0.3832215368747711,-0.5302796424927191,-1.9648188447251917,-0.32286309107309863,-1.392586988481577,-0.10346324454765185,-0.41936362901569746,0.03592033754102886,10.16790196299553,0.02167710626963526,14.71506953239441,6.700320243835449,-0.15644356608390808
1790728121.4799244,0.8934018611907959,-0.050594232976436615,-0.3832215368747711,-0.5302796424927191,-1.9648188447251917,-0.3394041134849815,-1.45387561799244,-0.1140502831551492,-0.4647143972787525,0.03592033754102886,10.16790196299553,0.02167710626963526,14.71506953239441,6.700320243835449,-0.15644356608390808
1790728121.5105555,0.9240329265594482,-0.050594232976436615,-0.3832215368747711,-0.5302796424927191,-1.9648188447251917,-0.3556471438778416,-1.5140601124627773,-0.12494413406744587,-0.5110916715556689,0.03592033754102886,10.16790196299553,0.02167710626963526,14.71506953239441,6.700320243835449,-0.15644356608390808
1790728121.5416937,0.9551711082458496,-0.050594232976436615,-0.3832215368747711,-0.5302796424927191,-1.9648188447251917,-0.3721590877303798,-1.5752409986306954,-0.13653249135743983,-0.5601418119708998,0.03592033754102886,10.16790196299553,0.02167710626963526,14.71506953239441,6.700320243835449,-0.15644356608390808
1790728121.5719693,0.9854466915130615,-0.04181763529777527,-0.2920394539833069,-0.4441812192650512,-1.0703226115599276,-0.3856069332199706,-1.6076456399797578,-0.14820696617255527,-0.6088142214082772,0.043081442709080875,14.366334676742554,0.033586774952709675,29.932519793510437,0.0,-0.21531382203102112
1790728121.6026146,1.01609206199646,-0.04181763529777527,-0.2920394539833069,-0.4441812192650512,-1.0703226115599276,-0.3992190312461157,-1.6404460729477703,-0.16044118128911591,-0.6590862990717977,0.043081442709080875,14.366334676742554,0.033586774952709675,29.932519793510437,0.0,-0.21531382203102112
1790728121.633116,1.046593427658081,-0.04181763529777527,-0.2920394539833069,-0.4441812192650512,-1.0703226115599276,-0.4127671650349437,-1.6730923742988608,-0.17303114352295743,-0.7101179013659571,0.043081442709080875,14.366334676742554,0.033586774952709675,29.932519793510437,0.0,-0.21531382203102112
1790728121.6635299,1.0770072937011719,-0.04181763529777527,-0.2920394539833069,-0.4441812192650512,-1.0703226115599276,-0.42627643313652774,-1.7056450228297355,-0.18599585785769834,-0.7619931606073652,0.043081442709080875,14.366334676742554,0.033586774952709675,29.932519793510437,0.0,-0.21531382203102112
1790728121.694136,1.1076133251190186,0.03679496794939041,-0.1620187759399414,0.32700841858964413,0.20518024004548777,-0.41626800320327273,-1.699365269956582,-0.19873616944198202,-0.8140039874500539,0.07922338554635644,19.411754608154297,0.47158137895166874,45.023247599601746,13.652300834655762,-0.6009360551834106
1790728121.724624,1.13810133934021,0.03679496794939041,-0.1620187759399414,0.32700841858964413,0.20518024004548777,-0.40629816588686235,-1.6931097318801678,-0.21112339370158467,-0.865623541033654,0.07922338554635644,19.411754608154297,0.47158137895166874,45.023247599601746,13.652300834655762,-0.6009360551834106
1790728121.755275,1.1687524318695068,0.03679496794939041,-0.1620187759399414,0.32700841858964413,0.20518024004548777,-0.3962750005908121,-1.6868207333573502,-0.22326965541174082,-0.9173264394121265,0.07922338554635644,19.411754608154297,0.47158137895166874,45.023247599601746,13.652300834655762,-0.6009360551834106
1790728121.7854502,1.198927640914917,0.03679496794939041,-0.1620187759399414,0.32700841858964413,0.20518024004548777,-0.3864074532002606,-1.6806293767219902,-0.23492958108876322,-0.96803978218257,0.07922338554635644,19.411754608154297,0.47158137895166874,45.023247599601746,13.652300834655762,-0.6009360551834106
1790728121.8156803,1.2291576862335205,0.03679496794939041,-0.1620187759399414,0.32700841858964413,0.20518024004548777,-0.3765219738867308,-1.6744267687669332,-0.24631185742280914,-1.0186577792850773,0.07922338554635644,19.411754608154297,0.47158137895166874,45.023247599601746,13.652300834655762,-0.6009360551834106
1790728121.8459618,1.25943922996521,0.03679496794939041,-0.1620187759399414,0.32700841858964413,0.20518024004548777,-0.3666196541585779,-1.6682135943551173,-0.257413666513109,-1.0691738621963407,0.07922338554635644,19.411754608154297,0.47158137895166874,45.023247599601746,13.652300834655762,-0.6009360551834106
1790728121.876097,1.289574384689331,0.03679496794939041,-0.1620187759399414,0.32700841858964413,0.20518024004548777,-0.35676520486828883,-1.6620304560750143,-0.2681648411619976,-1.1192594071463629,0.07922338554635644,19.411754608154297,0.47158137895166874,45.023247599601746,13.652300834655762,-0.6009360551834106
1790728121.9064267,1.319904088973999,-0.059366725385189056,-0.02918175980448723,-0.6163377930225805,1.5083113683342932,-0.3754585478701286,-1.6162838183042323,-0.2795523878900495,-1.1682808173956243,0.09645270765759051,25.184109807014465,0.2885747468098998,39.14198577404022,-9.627667427062988,-0.40252992510795593
1790728121.9371428,1.3506202697753906,-0.059366725385189056,-0.02918175980448723,-0.6163377930225805,1.5083113683342932,-0.3943900909553409,-1.5699542536096818,-0.29166654523011104,-1.216503816099413,0.09645270765759051,25.184109807014465,0.2885747468098998,39.14198577404022,-9.627667427062988,-0.40252992510795593
1790728121.9676793,1.3811566829681396,-0.059366725385189056,-0.02918175980448723,-0.6163377930225805,1.5083113683342932,-0.41321083646938545,-1.5238958344429052,-0.3042845220682616,-1.2630381289626706,0.09645270765759051,25.184109807014465,0.2885747468098998,39.14198577404022,-9.627667427062988,-0.40252992510795593
1790728121.9982579,1.4117352962493896,-0.059366725385189056,-0.02918175980448723,-0.6163377930225805,1.5083113683342932,-0.43205759149284206,-1.4777737644028979,-0.31749624407374955,-1.308226401421524,0.09645270765759051,25.184109807014465,0.2885747468098998,39.14198577404022,-9.627667427062988,-0.40252992510795593
1790728122.0284069,1.4418842792510986,-0.05243242532014847,-0.1331995725631714,-0.5483123093845323,0.48789662517160165,-0.4485886499881041,-1.463064177344008,-0.33102073565700046,-1.3523362984346778,0.10294974781572819,30.991628766059875,-0.11380119249224663,37.14767098426819,-4.978377819061279,0.24745304882526398
1790728122.0599525,1.4734299182891846,-0.05243242532014847,-0.1331995725631714,-0.5483123093845323,0.48789662517160165,-0.4658855121800879,-1.4476731665184444,-0.3457173918573073,-1.3980040735907915,0.10294974781572819,30.991628766059875,-0.11380119249224663,37.14767098426819,-4.978377819061279,0.24745304882526398
1790728122.0909626,1.5044400691986084,-0.05243242532014847,-0.1331995725631714,-0.5483123093845323,0.48789662517160165,-0.48288875963959693,-1.4325434185436743,-0.36069184516619573,-1.4424274611841328,0.10294974781572819,30.991628766059875,-0.11380119249224663,37.14767098426819,-4.978377819061279,0.24745304882526398
1790728122.121404,1.534881353378296,-0.05243242532014847,-0.1331995725631714,-0.5483123093845323,0.48789662517160165,-0.4995800904687922,-1.4176912187265152,-0.37589970467067024,-1.4855838024524342,0.10294974781572819,30.991628766059875,-0.11380119249224663,37.14767098426819,-4.978377819061279,0.24745304882526398
1790728122.1517003,1.5651776790618896,-0.05243242532014847,-0.1331995725631714,-0.5483123093845323,0.48789662517160165,-0.5161919387702294,-1.4029097436703901,-0.3915384237628988,-1.5280868129513594,0.10294974781572819,30.991628766059875,-0.11380119249224663,37.14767098426819,-4.978377819061279,0.24745304882526398
1790728122.1823118,1.5957891941070557,-0.05243242532014847,-0.1331995725631714,-0.5483123093845323,0.48789662517160165,-0.5329766092784037,-1.387974488788464,-0.40785364525654627,-1.570574814897214,0.10294974781572819,30.991628766059875,-0.11380119249224663,37.14767098426819,-4.978377819061279,0.24745304882526398
1790728122.213168,1.6266453266143799,-0.02519162930548191,-0.0743284672498703,-0.28108010048065335,1.0654221682950853,-0.5416496541040068,-1.3550996811873102,-0.4245668587561258,-1.6123879502205625,0.11195302940905094,36.569198966026306,-0.08312318241223693,37.20618486404419,5.334462642669678,0.11989149451255798
1790728122.2436948,1.6571722030639648,-0.02519162930548191,-0.0743284672498703,-0.28108010048065335,1.0654221682950853,-0.5502301516038166,-1.3225756702891172,-0.44136366661297194,-1.6527620543027053,0.11195302940905094,36.569198966026306,-0.08312318241223693,37.20618486404419,5.334462642669678,0.11989149451255798
1790728122.2742155,1.6876928806304932,-0.02519162930548191,-0.0743284672498703,-0.28108010048065335,1.0654221682950853,-0.558808906720954,-1.2900582638183513,-0.4584188930763064,-1.6921355066147405,0.11195302940905094,36.569198966026306,-0.08312318241223693,37.20618486404419,5.334462642669678,0.11989149451255798
1790728122.304638,1.7181153297424316,-0.02519162930548191,-0.0743284672498703,-0.28108010048065335,1.0654221682950853,-0.5673600517742052,-1.257645512120663,-0.47567937537955396,-1.7303961632080893,0.11195302940905094,36.569198966026306,-0.08312318241223693,37.20618486404419,5.334462642669678,0.11989149451255798
1790728122.3352182,1.7486956119537354,0.2510387897491455,-0.052844759076833725,2.428740310445242,1.2761773454725742,-0.4930884876628203,-1.2186196487444392,-0.49075816048742793,-1.7676618959749342,0.11192664969712496,42.161959409713745,-0.09633912122808397,39.50737416744232,-9.848130226135254,0.09308398514986038
1790728122.3657436,1.7792210578918457,0.2510387897491455,-0.052844759076833725,2.428740310445242,1.2761773454725742,-0.41895010661861476,-1.179663766177775,-0.50354679931778,-1.8036716584945416,0.11192664969712496,42.161959409713745,-0.09633912122808397,39.50737416744232,-9.848130226135254,0.09308398514986038
1790728122.3963826,1.8098599910736084,0.2510387897491455,-0.052844759076833725,2.428740310445242,1.2761773454725742,-0.3445360945310294,-1.1405630537617615,-0.5141030176968217,-1.8386172936883354,0.11192664969712496,42.161959409713745,-0.09633912122808397,39.50737416744232,-9.848130226135254,0.09308398514986038
1790728122.4269116,1.8403890132904053,0.2510387897491455,-0.052844759076833725,2.428740310445242,1.2761773454725742,-0.2703890276346165,-1.1016026072292564,-0.522357730328657,-1.8722481441585188,0.11192664969712496,42.161959409713745,-0.09633912122808397,39.50737416744232,-9.848130226135254,0.09308398514986038
1790728122.4572656,1.8707430362701416,0.2510387897491455,-0.052844759076833725,2.428740310445242,1.2761773454725742,-0.19666698843954966,-1.062865490758563,-0.5283273646151065,-1.904510387689373,0.11192664969712496,42.161959409713745,-0.09633912122808397,39.50737416744232,-9.848130226135254,0.09308398514986038
1790728122.4879134,1.901390790939331,0.2510387897491455,-0.052844759076833725,2.428740310445242,1.2761773454725742,-0.12223155124985285,-1.0237535205601422,-0.5320734872106465,-1.9358861344292193,0.11192664969712496,42.161959409713745,-0.09633912122808397,39.50737416744232,-9.848130226135254,0.09308398514986038
1790728122.518499,1.931976318359375,0.029601968824863434,-0.05302755907177925,0.2564450971780345,1.2743840775221587,-0.11438804269837824,-0.9847758114134209,-0.5355721058271229,-1.9660060220118005,0.11164339957758784,47.75891602039337,-0.15149996615946293,33.18421542644501,-4.85983419418335,0.22474487125873566
1790728122.549139,1.9626164436340332,0.029601968824863434,-0.05302755907177925,0.2564450971780345,1.2743840775221587,-0.10653053279477137,-0.9457285236301122,-0.5388362146975307,-1.9949832624516448,0.11164339957758784,47.75891602039337,-0.15149996615946293,33.18421542644501,-4.85983419418335,0.22474487125873566
1790728122.5797322,1.9932096004486084,0.029601968824863434,-0.05302755907177925,0.2564450971780345,1.2743840775221587,-0.09868506772247479,-0.906741091704479,-0.5418553024496214,-2.022723334860379,0.11164339957758784,47.75891602039337,-0.15149996615946293,33.18421542644501,-4.85983419418335,0.22474487125873566
1790728122.610574,2.0240514278411865,0.029601968824863434,-0.05302755907177925,0.2564450971780345,1.2743840775221587,-0.09077583229963693,-0.8674367579536907,-0.5446549950008245,-2.0494766696231643,0.11164339957758784,47.75891602039337,-0.15149996615946293,33.18421542644501,-4.85983419418335,0.22474487125873566
1790728122.6409721,2.0544495582580566,0.02526267059147358,-0.04325905814766884,0.21387658150848002,1.3702130715876817,-0.0842743840818278,-0.8257848423046682,-0.5472167787189453,-2.0745789849558163,0.11140253627672791,53.37984561920166,0.21396537777036428,35.96427142620087,7.1769118309021,-0.30517926812171936
1790728122.6715307,2.085008144378662,0.02526267059147358,-0.04325905814766884,0.21387658150848002,1.3702130715876817,-0.07773861814662023,-0.7839130681529767,-0.5495923609764756,-2.098534259960037,0.11140253627672791,53.37984561920166,0.21396537777036428,35.96427142620087,7.1769118309021,-0.30517926812171936
1790728122.7022703,2.1157476902008057,0.02526267059147358,-0.04325905814766884,0.21387658150848002,1.3702130715876817,-0.07116414916905689,-0.7417933406528071,-0.5517799146007516,-2.121336650345595,0.11140253627672791,53.37984561920166,0.21396537777036428,35.96427142620087,7.1769118309021,-0.30517926812171936
1790728122.7328928,2.1463701725006104,0.02526267059147358,-0.04325905814766884,0.21387658150848002,1.3702130715876817,-0.06461471733747072,-0.6998340151211523,-0.5537585776387252,-2.1427673050864438,0.11140253627672791,53.37984561920166,0.21396537777036428,35.96427142620087,7.1769118309021,-0.30517926812171936
1790728122.7635133,2.1769907474517822,0.02526267059147358,-0.04325905814766884,0.21387658150848002,1.3702130715876817,-0.058065693443089886,-0.6578773030635262,-0.5555365825568911,-2.1629118863535752,0.11140253627672791,53.37984561920166,0.21396537777036428,35.96427142620087,7.1769118309021,-0.30517926812171936
1790728122.7939086,2.207386016845703,0.02526267059147358,-0.04325905814766884,0.21387658150848002,1.3702130715876817,-0.05156485713108876,-0.6162293076255468,-0.5571039102806495,-2.181642342167283,0.11140253627672791,53.37984561920166,0.21396537777036428,35.96427142620087,7.1769118309021,-0.30517926812171936
1790728122.8245676,2.2380449771881104,0.030802469700574875,0.13673123717308044,0.26822201076876373,3.135917868684232,-0.043341449139968506,-0.5200853260525108,-0.5584327140510142,-2.197587617553395,0.11897605145350099,58.878010511398315,0.012288655852898955,35.11289358139038,0.6492940783500671,0.04006870090961456
1790728122.8551316,2.268609046936035,0.030802469700574875,0.13673123717308044,0.26822201076876373,3.135917868684232,-0.03514349289490337,-0.4242389135902822,-0.5595068422190398,-2.2105540852981522,0.11897605145350099,58.878010511398315,0.012288655852898955,35.11289358139038,0.6492940783500671,0.04006870090961456
1790728122.8855608,2.2990381717681885,0.030802469700574875,0.13673123717308044,0.26822201076876373,3.135917868684232,-0.026981731846489488,-0.32881567730070954,-0.5603278727055843,-2.2205596585895044,0.11897605145350099,58.878010511398315,0.012288655852898955,35.11289358139038,0.6492940783500671,0.04006870090961456
1790728122.9165115,2.329988956451416,0.030802469700574875,0.13673123717308044,0.26822201076876373,3.135917868684232,-0.018680050143883145,-0.23175655856277805,-0.5609060349154594,-2.2277327059325067,0.11897605145350099,58.878010511398315,0.012288655852898955,35.11289358139038,0.6492940783500671,0.04006870090961456
1790728122.947373,2.3608503341674805,0.030802469700574875,0.13673123717308044,0.26822201076876373,3.135917868684232,-0.01040234935778602,-0.13497781273075815,-0.5612270657481245,-2.231898307194479,0.11897605145350099,58.878010511398315,0.012288655852898955,35.11289358139038,0.6492940783500671,0.04006870090961456
1790728122.9779785,2.391455888748169,0.011420870199799538,0.14880092442035675,0.07808851966615767,3.2543215005800126,-0.008012406907018266,-0.03537749842164856,-0.56147228990504,-2.232981055153351,0.1186876674182713,64.47847485542297,-0.29758596792817116,34.29157733917236,-3.245267152786255,0.5158292651176453
1790728123.0084608,2.421938180923462,0.011420870199799538,0.14880092442035675,0.07808851966615767,3.2543215005800126,-0.005632089835018337,0.06382168039136923,-0.5616439689129484,-2.231035624044543,0.1186876674182713,64.47847485542297,-0.29758596792817116,34.29157733917236,-3.245267152786255,0.5158292651176453
1790728123.0394757,2.4529531002044678,0.011420870199799538,0.14880092442035675,0.07808851966615767,3.2543215005800126,-0.0032101807007992185,0.16475419904630018,-0.5617435324082611,-2.225925785859915,0.1186876674182713,64.47847485542297,-0.29758596792817116,34.29157733917236,-3.245267152786255,0.5158292651176453
1790728123.0700226,2.4835000038146973,0.011420870199799538,0.14880092442035675,0.07808851966615767,3.2543215005800126,-0.0008248182174915904,0.2641636442412152,-0.5617687280508468,-2.2178564044819518,0.1186876674182713,64.47847485542297,-0.29758596792817116,34.29157733917236,-3.245267152786255,0.5158292651176453
1790728123.1005363,2.5140137672424316,0.011420870199799538,0.14880092442035675,0.07808851966615767,3.2543215005800126,0.0015579563980235279,0.36346524062770325,-0.5617211889378868,-2.2067657121152333,0.1186876674182713,64.47847485542297,-0.29758596792817116,34.29157733917236,-3.245267152786255,0.5158292651176453
1790728123.1312199,2.5446972846984863,-0.004485929384827614,-0.039962660521268845,-0.0779571842590347,1.4025507323026656,-0.0008340442260134349,0.40650043050531437,-0.5617467803484548,-2.19429284905993,0.09984415955841541,70.19604444503784,-0.04133460752200335,36.27093434333801,1.0053001642227173,0.04831167310476303
1790728123.1642334,2.5777108669281006,-0.004485929384827614,-0.039962660521268845,-0.0779571842590347,1.4025507323026656,-0.0034076901389382673,0.4528036544373941,-0.5618592804070697,-2.179344178380291,0.09984415955841541,70.19604444503784,-0.04133460752200335,36.27093434333801,1.0053001642227173,0.04831167310476303
1790728123.1947975,2.6082749366760254,-0.004485929384827614,-0.039962660521268845,-0.0779571842590347,1.4025507323026656,-0.005790378955983229,0.4956713128444958,-0.5620362579533472,-2.1641944458024662,0.09984415955841541,70.19604444503784,-0.04133460752200335,36.27093434333801,1.0053001642227173,0.04831167310476303
1790728123.2262354,2.6397128105163574,-0.004485929384827614,-0.039962660521268845,-0.0779571842590347,1.4025507323026656,-0.00824118707966628,0.5397645258212923,-0.5622953433530523,-2.14722539673621,0.09984415955841541,70.19604444503784,-0.04133460752200335,36.27093434333801,1.0053001642227173,0.04831167310476303
1790728123.257,2.6704773902893066,-0.004485929384827614,-0.039962660521268845,-0.0779571842590347,1.4025507323026656,-0.010639507093677853,0.5829134097108261,-0.5626226633177807,-2.1292923106424393,0.09984415955841541,70.19604444503784,-0.04133460752200335,36.27093434333801,1.0053001642227173,0.04831167310476303
1790728123.2875476,2.7010250091552734,0.054176971316337585,0.05275373533368111,0.49752587161939593,2.3120985756397245,0.004558723608509381,0.6535425157800131,-0.5624834051664727,-2.1093281429576862,0.09113723644986749,75.82222819328308,-0.02559369313530624,38.275960087776184,3.888962984085083,0.008247612975537777
1790728123.3181658,2.7316431999206543,0.054176971316337585,0.05275373533368111,0.49752587161939593,2.3120985756397245,0.019792065656464432,0.7243347910373156,-0.5618774079245621,-2.0871503221477035,0.09113723644986749,75.82222819328308,-0.02559369313530624,38.275960087776184,3.888962984085083,0.008247612975537777
1790728123.3484743,2.7619516849517822,0.054176971316337585,0.05275373533368111,0.49752587161939593,2.3120985756397245,0.03487132108903977,0.7944109961075844,-0.5608205110113192,-2.063072928363613,0.09113723644986749,75.82222819328308,-0.02559369313530624,38.275960087776184,3.888962984085083,0.008247612975537777
1790728123.379594,2.7930715084075928,0.054176971316337585,0.05275373533368111,0.49752587161939593,2.3120985756397245,0.05035423837853364,0.8663630955939237,-0.5592534960027274,-2.0361118617801006,0.09113723644986749,75.82222819328308,-0.02559369313530624,38.275960087776184,3.888962984085083,0.008247612975537777
1790728123.410432,2.8239095211029053,0.054176971316337585,0.05275373533368111,0.49752587161939593,2.3120985756397245,0.06569694752377898,0.9376636208223155,-0.5572275327009458,-2.0071961791372495,0.09113723644986749,75.82222819328308,-0.02559369313530624,38.275960087776184,3.888962984085083,0.008247612975537777
1790728123.444905,2.8583824634552,-0.16557513177394867,0.3118691146373749,-1.6582422596963122,4.854020446608961,0.008532457699128748,1.104995987855127,-0.5569333937785603,-1.9691037161484024,0.09989935206249356,81.55097961425781,-0.030116282869130373,34.21512842178345,5.22102165222168,0.02716931700706482
1790728123.476342,2.889819383621216,-0.16557513177394867,0.3118691146373749,-1.6582422596963122,4.854020446608961,-0.04359757183485757,1.2575914411193805,-0.5583039671637648,-1.929568914412468,0.09989935206249356,81.55097961425781,-0.030116282869130373,34.21512842178345,5.22102165222168,0.02716931700706482
1790728123.506611,2.920088529586792,-0.16557513177394867,0.3118691146373749,-1.6582422596963122,4.854020446608961,-0.09379114883989212,1.4045184945376783,-0.5611429451382787,-1.8870553390899556,0.09989935206249356,81.55097961425781,-0.030116282869130373,34.21512842178345,5.22102165222168,0.02716931700706482
1790728123.5374007,2.950878143310547,-0.16557513177394867,0.3118691146373749,-1.6582422596963122,4.854020446608961,-0.144847787476348,1.5539719090959763,-0.565602752563416,-1.8392091442713245,0.09989935206249356,81.55097961425781,-0.030116282869130373,34.21512842178345,5.22102165222168,0.02716931700706482
1790728123.5679882,2.9814655780792236,-0.16557513177394867,0.3118691146373749,-1.6582422596963122,4.854020446608961,-0.1955691644254721,1.7024439428724512,-0.5715847116230447,-1.7871357512213846,0.09989935206249356,81.55097961425781,-0.030116282869130373,34.21512842178345,5.22102165222168,0.02716931700706482
1790728123.5984893,3.0119667053222656,-0.04499712586402893,-0.1677432656288147,-0.47537202171999965,0.14902299619764078,-0.2100685469477359,1.7069893122416147,-0.5779920391032586,-1.7350706530061903,0.10122634703293443,87.39629983901978,0.1427949988283217,37.52357065677643,0.46443650126457214,-0.23578599095344543
1790728123.6286457,3.0421230792999268,-0.04499712586402893,-0.1677432656288147,-0.47537202171999965,0.14902299619764078,-0.22440404341324108,1.7114833054462222,-0.5847592513585276,-1.6834585223906304,0.10122634703293443,87.39629983901978,0.1427949988283217,37.52357065677643,0.46443650126457214,-0.23578599095344543
1790728123.6593704,3.072847843170166,-0.04499712586402893,-0.1677432656288147,-0.47537202171999965,0.14902299619764078,-0.23900973653110633,1.7160620018156303,-0.5921027690761339,-1.630732922598155,0.10122634703293443,87.39629983901978,0.1427949988283217,37.52357065677643,0.46443650126457214,-0.23578599095344543
1790728123.6899133,3.103390693664551,-0.04499712586402893,-0.1677432656288147,-0.47537202171999965,0.14902299619764078,-0.2535289531197137,1.7206135889087202,-0.5998462659872672,-1.5781804789935092,0.10122634703293443,87.39629983901978,0.1427949988283217,37.52357065677643,0.46443650126457214,-0.23578599095344543
1790728123.7208517,3.134329080581665,-0.04499712586402893,-0.1677432656288147,-0.47537202171999965,0.14902299619764078,-0.2682361966572579,1.7252241200246305,-0.6081450612246246,-1.5248048276494492,0.10122634703293443,87.39629983901978,0.1427949988283217,37.52357065677643,0.46443650126457214,-0.23578599095344543
1790728123.751594,3.165071487426758,0.03889317065477371,0.13931863009929657,0.3475917871294543,3.1613001932904123,-0.25755038852131135,1.8224100967262349,-0.6160627800516585,-1.4687795550172864,0.10206073056906462,92.79199838638306,0.0036903024010825902,34.77964103221893,1.9462058544158936,0.12839771807193756
1790728123.782983,3.196460485458374,0.03889317065477371,0.13931863009929657,0.3475917871294543,3.1613001932904123,-0.24663983059929895,1.9216401422707756,-0.6238045572088581,-1.4084611963740743,0.10206073056906462,92.79199838638306,0.0036903024010825902,34.77964103221893,1.9462058544158936,0.12839771807193756
1790728123.8137453,3.2272226810455322,0.03889317065477371,0.13931863009929657,0.3475917871294543,3.1613001932904123,-0.2359471440591328,2.0188886771264962,-0.6310628094026365,-1.34635574801961,0.10206073056906462,92.79199838638306,0.0036903024010825902,34.77964103221893,1.9462058544158936,0.12839771807193756
1790728123.844187,3.257664442062378,0.03889317065477371,0.13931863009929657,0.3475917871294543,3.1613001932904123,-0.22536583794391965,2.115124222113151,-0.6379233423826864,-1.2819676419290997,0.10206073056906462,92.79199838638306,0.0036903024010825902,34.77964103221893,1.9462058544158936,0.12839771807193756
1790728123.8745718,3.2880492210388184,0.03889317065477371,0.13931863009929657,0.3475917871294543,3.1613001932904123,-0.21480433831796525,2.211179629764459,-0.6444501247256583,-1.2147814376014994,0.10206073056906462,92.79199838638306,0.0036903024010825902,34.77964103221893,1.9462058544158936,0.12839771807193756
1790728123.9049623,3.3184397220611572,0.03889317065477371,0.13931863009929657,0.3475917871294543,3.1613001932904123,-0.20424084975585097,2.307253126520571,-0.6506571064789669,-1.1446628591011814,0.10206073056906462,92.79199838638306,0.0036903024010825902,34.77964103221893,1.9462058544158936,0.12839771807193756
1790728123.9351776,3.3486549854278564,0.03889317065477371,0.13931863009929657,0.3475917871294543,3.1613001932904123,-0.19373827236363286,2.402772644442038,-0.6565109594026434,-1.0720624508390648,0.10206073056906462,92.79199838638306,0.0036903024010825902,34.77964103221893,1.9462058544158936,0.12839771807193756
1790728123.9653409,3.3788182735443115,-0.14079563319683075,0.02716773934662342,-1.4151553786547855,2.061099955006689,-0.23642401177954825,2.4649421962217173,-0.663642284987598,-0.9977116891840216,0.10728841880336404,98.41551780700684,-0.11803439119830728,28.90956401824951,8.92587947845459,0.420824259519577
1790728123.9958866,3.4093639850616455,-0.14079563319683075,0.02716773934662342,-1.4151553786547855,2.061099955006689,-0.27965093972814087,2.5278999608557418,-0.6721844219180851,-0.9204951862350423,0.10728841880336404,98.41551780700684,-0.11803439119830728,28.90956401824951,8.92587947845459,0.420824259519577
1790728124.026507,3.4399843215942383,-0.14079563319683075,0.02716773934662342,-1.4151553786547855,2.061099955006689,-0.32298347366845914,2.591011535105358,-0.6820742845762792,-0.8411575410702865,0.10728841880336404,98.41551780700684,-0.11803439119830728,28.90956401824951,8.92587947845459,0.420824259519577
1790728124.0570228,3.4705002307891846,-0.14079563319683075,0.02716773934662342,-1.4151553786547855,2.061099955006689,-0.3661682267002284,2.6539078741740503,-0.6932482409323378,-0.7601711293702382,0.10728841880336404,98.41551780700684,-0.11803439119830728,28.90956401824951,8.92587947845459,0.420824259519577
1790728124.0871687,3.5006461143493652,-0.11408284306526184,-0.3055645525455475,-1.1531029074640946,-1.203003828455508,-0.4009295326815468,2.617642260838979,-0.7053346159403934,-0.6812599905727783,0.05417251377366483,104.06155586242676,-0.3991721663624048,33.99803042411804,-8.078592300415039,0.4356555640697479
1790728124.11756,3.5310373306274414,-0.11408284306526184,-0.3055645525455475,-1.1531029074640946,-1.203003828455508,-0.43597373253316657,2.581081511305034,-0.718584387937369,-0.6028177841313633,0.05417251377366483,104.06155586242676,-0.3991721663624048,33.99803042411804,-8.078592300415039,0.4356555640697479
1790728124.148001,3.56147837638855,-0.11408284306526184,-0.3055645525455475,-1.1531029074640946,-1.203003828455508,-0.4710753909065482,2.544460816712231,-0.7329244154688873,-0.525361735972479,0.05417251377366483,104.06155586242676,-0.3991721663624048,33.99803042411804,-8.078592300415039,0.4356555640697479
1790728124.1784866,3.59196400642395,-0.11408284306526184,-0.3055645525455475,-1.1531029074640946,-1.203003828455508,-0.5062284595362432,2.5077864870667663,-0.7483571089996999,-0.4489102849199852,0.05417251377366483,104.06155586242676,-0.3991721663624048,33.99803042411804,-8.078592300415039,0.4356555640697479
1790728124.2088277,3.622305154800415,-0.11408284306526184,-0.3055645525455475,-1.1531029074640946,-1.203003828455508,-0.5412149259449442,2.4712859694101423,-0.7647781913713528,-0.37392863064143633,0.05417251377366483,104.06155586242676,-0.3991721663624048,33.99803042411804,-8.078592300415039,0.4356555640697479
1790728124.2401285,3.6536059379577637,-0.11408284306526184,-0.3055645525455475,-1.1531029074640946,-1.203003828455508,-0.5773079500095861,2.4336310074381964,-0.7828483823296164,-0.29775407419261346,0.05417251377366483,104.06155586242676,-0.3991721663624048,33.99803042411804,-8.078592300415039,0.4356555640697479
1790728124.2706726,3.684149980545044,0.03444676846265793,-0.3640257716178894,0.30397258162479845,-1.7765083875551821,-0.5680233985310728,2.37936925959205,-0.8001981132049212,-0.22507851819676833,0.04658140242099762,109.84266996383667,0.061013357480987906,35.410067439079285,1.984784483909607,-0.13776279985904694
1790728124.301266,3.7147433757781982,0.03444676846265793,-0.3640257716178894,0.30397258162479845,-1.7765083875551821,-0.5587238452013831,2.3250198363565606,-0.8172913726273549,-0.15394826741818834,0.04658140242099762,109.84266996383667,0.061013357480987906,35.410067439079285,1.984784483909607,-0.13776279985904694
1790728124.3318841,3.745361566543579,0.03444676846265793,-0.3640257716178894,0.30397258162479845,-1.7765083875551821,-0.5494167547097497,2.2706263636500967,-0.8341135196327545,-0.08442579625904663,0.04658140242099762,109.84266996383667,0.061013357480987906,35.410067439079285,1.984784483909607,-0.13776279985904694
1790728124.3625867,3.776064157485962,0.03444676846265793,-0.3640257716178894,0.30397258162479845,-1.7765083875551821,-0.5400840088784234,2.216082953321278,-0.850695498031871,-0.01638630784883581,0.04658140242099762,109.84266996383667,0.061013357480987906,35.410067439079285,1.984784483909607,-0.13776279985904694
1790728124.3930743,3.806551694869995,-0.09785673022270203,0.20022432506084442,-0.9939247404785827,3.7587850608631967,-0.5703863265606798,2.33067905338289,-0.8680851724862311,0.054670356921358174,0.16168071888387203,115.92212915420532,1.2466108426451683,44.16632950305939,7.533421039581299,-0.8031792044639587
1790728124.423723,3.837200403213501,-0.09785673022270203,0.20022432506084442,-0.9939247404785827,3.7587850608631967,-0.6008488360470026,2.445880960439213,-0.8865004132207707,0.1296334491207936,0.16168071888387203,115.92212915420532,1.2466108426451683,44.16632950305939,7.533421039581299,-0.8031792044639587
1790728124.454678,3.8681554794311523,-0.09785673022270203,0.20022432506084442,-0.9939247404785827,3.7587850608631967,-0.6316158521431264,2.5622344384840026,-0.906052130064138,0.20894761145155705,0.16168071888387203,115.92212915420532,1.2466108426451683,44.16632950305939,7.533421039581299,-0.8031792044639587
1790728124.4863305,3.899807929992676,-0.09785673022270203,0.20022432506084442,-0.9939247404785827,3.7587850608631967,-0.6630760058529998,2.681209196794368,-0.9270401105579325,0.29381445299819275,0.16168071888387203,115.92212915420532,1.2466108426451683,44.16632950305939,7.533421039581299,-0.8031792044639587
1790728124.5169473,3.930424690246582,-0.09785673022270203,0.20022432506084442,-0.9939247404785827,3.7587850608631967,-0.6935067613426585,2.7962910178487808,-0.9482730408044237,0.37942782469182035,0.16168071888387203,115.92212915420532,1.2466108426451683,44.16632950305939,7.533421039581299,-0.8031792044639587
1790728124.5470815,3.9605588912963867,0.4885045886039734,0.013460839167237282,4.758279797211103,1.926635264246911,-0.5501198012822752,2.8543486322512406,-0.9648504614977423,0.46544134024231426,0.3033533925190568,122.20926284790039,0.7265733554959297,42.71264672279358,4.268846035003662,-1.0337958335876465
1790728124.578516,3.9919934272766113,0.4885045886039734,0.013460839167237282,4.758279797211103,1.926635264246911,-0.4005454837928669,2.9149115177859795,-0.9774414229197457,0.5570702312273288,0.3033533925190568,122.20926284790039,0.7265733554959297,42.71264672279358,4.268846035003662,-1.0337958335876465
1790728124.6089578,4.022435188293457,0.4885045886039734,0.013460839167237282,4.758279797211103,1.926635264246911,-0.25569506735488146,2.973561688066811,-0.9852252310533492,0.647590685504307,0.3033533925190568,122.20926284790039,0.7265733554959297,42.71264672279358,4.268846035003662,-1.0337958335876465
1790728124.6401825,4.053659915924072,0.4885045886039734,0.013460839167237282,4.758279797211103,1.926635264246911,-0.10711907669670567,3.0337203494364595,-0.9885699950472469,0.7423177771229152,0.3033533925190568,122.20926284790039,0.7265733554959297,42.71264672279358,4.268846035003662,-1.0337958335876465
1790728124.670898,4.084375381469727,0.4885045886039734,0.013460839167237282,4.758279797211103,1.926635264246911,0.03903370247111487,3.092897848514478,-0.987371056703876,0.83731757442519,0.3033533925190568,122.20926284790039,0.7265733554959297,42.71264672279358,4.268846035003662,-1.0337958335876465
1790728124.7015512,4.115028619766235,0.055046968162059784,0.001757839578203857,0.5060605406759306,1.8118288382784928,0.054546096816914254,3.1484362696467154,-0.9856990422000027,0.9338273416600419,0.32766128424555063,128.25578451156616,-0.0471049512270838,40.01361131668091,13.049995422363281,0.09727955609560013
1790728124.7316778,4.145155191421509,0.055046968162059784,0.001757839578203857,0.5060605406759306,1.8118288382784928,0.0697919659574941,3.2030204609702033,-0.9835964495366218,1.0303233670907677,0.32766128424555063,128.25578451156616,-0.0471049512270838,40.01361131668091,13.049995422363281,0.09727955609560013
1790728124.7620058,4.175483226776123,0.055046968162059784,0.001757839578203857,0.5060605406759306,1.8118288382784928,0.08513978792668893,3.257969670034023,-0.9810143270382968,1.1291311864278204,0.32766128424555063,128.25578451156616,-0.0471049512270838,40.01361131668091,13.049995422363281,0.09727955609560013
1790728124.792151,4.205628395080566,0.055046968162059784,0.001757839578203857,0.5060605406759306,1.8118288382784928,0.10039506809760246,3.3125875553027724,-0.9779879008135586,1.228989695805627,0.32766128424555063,128.25578451156616,-0.0471049512270838,40.01361131668091,13.049995422363281,0.09727955609560013
1790728124.8226967,4.2361741065979,0.055046968162059784,0.001757839578203857,0.5060605406759306,1.8118288382784928,0.1158530473833955,3.367931156315614,-0.9744490870497814,1.3318655493166849,0.32766128424555063,128.25578451156616,-0.0471049512270838,40.01361131668091,13.049995422363281,0.09727955609560013
1790728124.8530731,4.266550540924072,0.055046968162059784,0.001757839578203857,0.5060605406759306,1.8118288382784928,0.13122536216230493,3.4229680560318445,-0.9704629284541301,1.4358431136713203,0.32766128424555063,128.25578451156616,-0.0471049512270838,40.01361131668091,13.049995422363281,0.09727955609560013
1790728124.8837898,4.297267198562622,-0.19581441581249237,-0.009129260666668415,-1.954889636114426,1.7050263848762959,0.0711776864886289,3.475340767760784,-0.9682765878267549,1.5425939662119232,0.29983383137732744,134.1145157814026,-0.2712586196139455,34.7754180431366,0.0,0.5221574306488037
1790728124.9141514,4.32762885093689,-0.19581441581249237,-0.009129260666668415,-1.954889636114426,1.7050263848762959,0.011824006926864264,3.5271081861473523,-0.9679175914387704,1.6496827988461626,0.29983383137732744,134.1145157814026,-0.2712586196139455,34.7754180431366,0.0,0.5221574306488037
1790728124.9445279,4.3580052852630615,-0.19581441581249237,-0.009129260666668415,-1.954889636114426,1.7050263848762959,-0.04755856971947963,3.5789008081519373,-0.9693622512085008,1.7583970442048735,0.29983383137732744,134.1145157814026,-0.2712586196139455,34.7754180431366,0.0,0.5221574306488037
1790728124.9776342,4.391111612319946,-0.19581441581249237,-0.009129260666668415,-1.954889636114426,1.7050263848762959,-0.11227778537279826,3.6353479692902697,-0.9730793562922754,1.878750063041779,0.29983383137732744,134.1145157814026,-0.2712586196139455,34.7754180431366,0.0,0.5221574306488037
1790728125.008871,4.422348499298096,-0.19581441581249237,-0.009129260666668415,-1.954889636114426,1.7050263848762959,-0.1733424519908602,3.6886076857694134,-0.9784940348736292,1.9939706844288916,0.29983383137732744,134.1145157814026,-0.2712586196139455,34.7754180431366,0.0,0.5221574306488037
1790728125.040077,4.453554391860962,-0.012448528781533241,0.040277037769556046,-0.15607028434071693,2.189702172535658,-0.1782127645162526,3.756939296510236,-0.9840553232564547,2.1112093284810003,0.2496568951755762,139.88847732543945,-0.11264970526099205,31.75864815711975,-4.9605255126953125,0.16969968378543854
1790728125.0703447,4.4838221073150635,-0.012448528781533241,0.040277037769556046,-0.15607028434071693,2.189702172535658,-0.18293665547351814,3.823216578797773,-0.9895923978904522,2.226929360007455,0.2496568951755762,139.88847732543945,-0.11264970526099205,31.75864815711975,-4.9605255126953125,0.16969968378543854
1790728125.1012373,4.51471471786499,-0.012448528781533241,0.040277037769556046,-0.15607028434071693,2.189702172535658,-0.18775807398607225,3.890862195234246,-0.9953927349477082,2.3471282505082596,0.2496568951755762,139.88847732543945,-0.11264970526099205,31.75864815711975,-4.9605255126953125,0.16969968378543854
1790728125.1317353,4.545212745666504,-0.012448528781533241,0.040277037769556046,-0.15607028434071693,2.189702172535658,-0.19251790985688558,3.9576437929692734,-1.0012641515148129,2.4678285809347247,0.2496568951755762,139.88847732543945,-0.11264970526099205,31.75864815711975,-4.9605255126953125,0.16969968378543854
1790728125.1633718,4.5768492221832275,-0.012448528781533241,0.040277037769556046,-0.15607028434071693,2.189702172535658,-0.19745542374238906,4.026918254329316,-1.0075109453911386,2.59522608572258,0.2496568951755762,139.88847732543945,-0.11264970526099205,31.75864815711975,-4.9605255126953125,0.16969968378543854
1790728125.194291,4.607768535614014,-0.028169529512524605,-0.24924296140670776,-0.3102933015117422,-0.6504890193834902,-0.20704947958730405,4.006805580455713,-1.0139127731461797,2.7191137633209133,0.23733843117952347,145.82605361938477,-0.061335525242611766,37.292712926864624,-5.5521626472473145,-0.0038346503861248493
1790728125.2245462,4.638023614883423,-0.028169529512524605,-0.24924296140670776,-0.3102933015117422,-0.6504890193834902,-0.2164374280213085,3.9871249836103853,-1.0204611046878314,2.839744545757087,0.23733843117952347,145.82605361938477,-0.061335525242611766,37.292712926864624,-5.5521626472473145,-0.0038346503861248493
1790728125.2550573,4.668534755706787,-0.028169529512524605,-0.24924296140670776,-0.3102933015117422,-0.6504890193834902,-0.22590483064027989,3.9672778215359235,-1.0273537187881752,2.9607907180553794,0.23733843117952347,145.82605361938477,-0.061335525242611766,37.292712926864624,-5.5521626472473145,-0.0038346503861248493
1790728125.2851884,4.6986658573150635,-0.028169529512524605,-0.24924296140670776,-0.3102933015117422,-0.6504890193834902,-0.23525430963649774,3.9476778707978113,-1.0344421902956173,3.0797386010971324,0.23733843117952347,145.82605361938477,-0.061335525242611766,37.292712926864624,-5.5521626472473145,-0.0038346503861248493
1790728125.3168664,4.730343818664551,-0.028169529512524605,-0.24924296140670776,-0.3102933015117422,-0.6504890193834902,-0.24508376884879152,3.9270717047835153,-1.042205944452596,3.20414022677793,0.23733843117952347,145.82605361938477,-0.061335525242611766,37.292712926864624,-5.5521626472473145,-0.0038346503861248493
1790728125.3474252,4.760902643203735,0.035646069794893265,-0.11390665918588638,0.31573772769402714,0.6771601054027676,-0.2354351950277889,3.9477649216294544,-1.0494005672677988,3.3247792823399522,0.27211487758904696,151.7147660255432,0.09354620706290007,42.768001556396484,7.982470512390137,-0.12859830260276794
1790728125.3784761,4.7919535636901855,0.035646069794893265,-0.11390665918588638,0.31573772769402714,0.6771601054027676,-0.2256312479505892,3.968791366218912,-1.056406625207171,3.4480139074797256,0.27211487758904696,151.7147660255432,0.09354620706290007,42.768001556396484,7.982470512390137,-0.12859830260276794
1790728125.4087856,4.82226300239563,0.035646069794893265,-0.11390665918588638,0.31573772769402714,0.6771601054027676,-0.2160614146460508,3.9893157089273896,-1.0629553254109971,3.5689278274361267,0.27211487758904696,151.7147660255432,0.09354620706290007,42.768001556396484,7.982470512390137,-0.12859830260276794
1790728125.4390883,4.852565765380859,0.035646069794893265,-0.11390665918588638,0.31573772769402714,0.6771601054027676,-0.20649368911824376,4.0098355311044624,-1.069212654730293,3.690436923144937,0.27211487758904696,151.7147660255432,0.09354620706290007,42.768001556396484,7.982470512390137,-0.12859830260276794
1790728125.4696822,4.883159637451172,0.035646069794893265,-0.11390665918588638,0.31573772769402714,0.6771601054027676,-0.19683404946940153,4.030552480740274,-1.0752345704588413,3.8137471301133856,0.27211487758904696,151.7147660255432,0.09354620706290007,42.768001556396484,7.982470512390137,-0.12859830260276794
1790728125.5003996,4.913877010345459,-0.03834462910890579,0.11505424231290817,-0.4101110285522417,2.923266549105942,-0.20943158286150038,4.1203475493985575,-1.0816677584854388,3.9403133822423233,0.2895744517445564,157.6945662498474,-0.06753553170710802,36.044108867645264,7.636255264282227,0.0950448289513588
1790728125.5311394,4.944616794586182,-0.03834462910890579,0.11505424231290817,-0.4101110285522417,2.923266549105942,-0.22203830739393712,4.210208132396196,-1.0884931681479038,4.069734271840718,0.2895744517445564,157.6945662498474,-0.06753553170710802,36.044108867645264,7.636255264282227,0.0950448289513588
1790728125.561717,4.975194454193115,-0.03834462910890579,0.11505424231290817,-0.4101110285522417,2.923266549105942,-0.234578542826057,4.299594781875093,-1.0956660309815294,4.201205817528643,0.2895744517445564,157.6945662498474,-0.06753553170710802,36.044108867645264,7.636255264282227,0.0950448289513588
